id,code,name,parent_id,user_type_id,reconcile,company_id
z0bug.coa_10,10,CREDITI VERSO SOCI PER VERSAMENTI ANCORA DOVUTI,,account.data_account_type_current_assets,0,
z0bug.coa_101,101,"CREDITI VERSO SOCI, PARTE RICHIAMATA",z0bug.coa_10,account.data_account_type_current_assets,1,
z0bug.coa_101000,101000,"Crediti verso soci per versamenti ancora dovuti, parte richiamata",z0bug.coa_101,account.data_account_type_current_assets,1,
z0bug.coa_101001,101001,Crediti richiamati verso socio A?,z0bug.coa_101,account.data_account_type_current_assets,1,
z0bug.coa_102,102,"CREDITI VERSO SOCI, PARTE DA RICHIAMARE",z0bug.coa_10,account.data_account_type_current_assets,1,
z0bug.coa_102000,102000,"Crediti verso soci per versamenti ancora dovuti, parte da richiamare",z0bug.coa_102,account.data_account_type_current_assets,1,
z0bug.coa_102001,102001,Crediti non richiamati verso socio A?,z0bug.coa_102,account.data_account_type_current_assets,1,
z0bug.coa_12,12,IMMOBILIZZAZIONI,,account.data_account_type_current_assets,0,
z0bug.coa_121,121,IMMOBILIZZAZIONI IMMATERIALI,z0bug.coa_12,account.data_account_type_current_assets,0,
z0bug.coa_121100,121100,Spese di Impianto e di Ampliamento,z0bug.coa_121,account.data_account_type_current_assets,0,
z0bug.coa_121110,121110,Costituzione Società,z0bug.coa_121,account.data_account_type_current_assets,0,
z0bug.coa_121120,121120,Modifica Statuto Sociale,z0bug.coa_121,account.data_account_type_current_assets,0,
z0bug.coa_121130,121130,Avviamento impianti e Produzione,z0bug.coa_121,account.data_account_type_current_assets,0,
z0bug.coa_121140,121140,Trasformazione Società,z0bug.coa_121,account.data_account_type_current_assets,0,
z0bug.coa_121150,121150,Spese Ristrutturaz. in Economia,z0bug.coa_121,account.data_account_type_current_assets,0,
z0bug.coa_121200,121200,Ricerca Sviluppo e Pubblicità,z0bug.coa_121,account.data_account_type_current_assets,0,
z0bug.coa_121210,121210,Spese di ricerca e sviluppo,z0bug.coa_121,account.data_account_type_current_assets,0,
z0bug.coa_121220,121220,Spese di Pubblicità,z0bug.coa_121,account.data_account_type_current_assets,0,
z0bug.coa_121300,121300,Spese di brevetto industriale e diritti su opere dell'ingegno,z0bug.coa_121,account.data_account_type_current_assets,0,
z0bug.coa_121310,121310,Brevetti,z0bug.coa_121,account.data_account_type_current_assets,0,
z0bug.coa_121320,121320,Diritti su Opere dell'Ingegno,z0bug.coa_121,account.data_account_type_current_assets,0,
z0bug.coa_121330,121330,Diritti su Programmi Software,z0bug.coa_121,account.data_account_type_current_assets,0,
z0bug.coa_121400,121400,"Concessione licenze, marchi e simili",z0bug.coa_121,account.data_account_type_current_assets,0,
z0bug.coa_121410,121410,Concessioni,z0bug.coa_121,account.data_account_type_current_assets,0,
z0bug.coa_121420,121420,Licenze,z0bug.coa_121,account.data_account_type_current_assets,0,
z0bug.coa_121430,121430,Marchi di fabbrica,z0bug.coa_121,account.data_account_type_current_assets,0,
z0bug.coa_121440,121440,Programmi Software e Licenze,z0bug.coa_121,account.data_account_type_current_assets,0,
z0bug.coa_121500,121500,Spese di Avviamento,z0bug.coa_121,account.data_account_type_current_assets,0,
z0bug.coa_121510,121510,Avviamento,z0bug.coa_121,account.data_account_type_current_assets,0,
z0bug.coa_121600,121600,Immobilizzazioni imm.li in corso e acconti,z0bug.coa_121,account.data_account_type_current_assets,0,
z0bug.coa_121620,121620,Acconti a Fornitori su Immobilizzazioni,z0bug.coa_121,account.data_account_type_current_assets,0,
z0bug.coa_121630,121630,Caparre su Immobilizzazioni,z0bug.coa_121,account.data_account_type_current_assets,0,
z0bug.coa_121640,121640,Altre immobilizzazioni immateriali,z0bug.coa_121,account.data_account_type_current_assets,0,
z0bug.coa_121700,121700,Altre Immobilizzazioni,z0bug.coa_121,account.data_account_type_current_assets,0,
z0bug.coa_121710,121710,Indennità Perdita Avviamento,z0bug.coa_121,account.data_account_type_current_assets,0,
z0bug.coa_121720,121720,Spese Plur.li su Beni di Terzi,z0bug.coa_121,account.data_account_type_current_assets,0,
z0bug.coa_121730,121730,Altre spese  Pluriennali,z0bug.coa_121,account.data_account_type_current_assets,0,
z0bug.coa_121740,121740,Spese Manut.da Ammortiz.su Beni di Proprietà,z0bug.coa_121,account.data_account_type_current_assets,0,
z0bug.coa_121750,121750,Spese di Manutenzione su beni di Terzi,z0bug.coa_121,account.data_account_type_current_assets,0,
z0bug.coa_122,122,FA IMMOBILIZZAZIONI IMMATERIALI,z0bug.coa_12,account.data_account_type_current_assets,0,
z0bug.coa_122100,122100,FA Costi di Impianto e di Ampliamento,z0bug.coa_122,account.data_account_type_current_assets,0,
z0bug.coa_122110,122110,FA Costituzione Società,z0bug.coa_122,account.data_account_type_current_assets,0,
z0bug.coa_122120,122120,FA Modifica Statuto Sociale,z0bug.coa_122,account.data_account_type_current_assets,0,
z0bug.coa_122130,122130,FA Avviamento impianti e Produzione,z0bug.coa_122,account.data_account_type_current_assets,0,
z0bug.coa_122140,122140,FA Trasformazione Società,z0bug.coa_122,account.data_account_type_current_assets,0,
z0bug.coa_122150,122150,FA Spese Ristrutturaz. in Economia,z0bug.coa_122,account.data_account_type_current_assets,0,
z0bug.coa_122200,122200,FA Ricerca Sviluppo e Pubblicità,z0bug.coa_122,account.data_account_type_current_assets,0,
z0bug.coa_122210,122210,FA Costi di ricerca e sviluppo,z0bug.coa_122,account.data_account_type_current_assets,0,
z0bug.coa_122220,122220,FA Costi di Pubblicità,z0bug.coa_122,account.data_account_type_current_assets,0,
z0bug.coa_122300,122300,FA Costi di brevetto industriale e diritti su opere dell'ingegno,z0bug.coa_122,account.data_account_type_current_assets,0,
z0bug.coa_122310,122310,FA Brevetti,z0bug.coa_122,account.data_account_type_current_assets,0,
z0bug.coa_122320,122320,FA Diritti su Opere dell'Ingegno,z0bug.coa_122,account.data_account_type_current_assets,0,
z0bug.coa_122330,122330,FA Diritti su Programmi Software,z0bug.coa_122,account.data_account_type_current_assets,0,
z0bug.coa_122400,122400,"FA Concessione licenze, marchi e simili",z0bug.coa_122,account.data_account_type_current_assets,0,
z0bug.coa_122410,122410,FA Concessioni,z0bug.coa_122,account.data_account_type_current_assets,0,
z0bug.coa_122420,122420,FA Licenze,z0bug.coa_122,account.data_account_type_current_assets,0,
z0bug.coa_122430,122430,FA Marchi di fabbrica,z0bug.coa_122,account.data_account_type_current_assets,0,
z0bug.coa_122440,122440,FA Programmi Software e Licenze,z0bug.coa_122,account.data_account_type_current_assets,0,
z0bug.coa_122500,122500,FA Costi di Avviamento,z0bug.coa_122,account.data_account_type_current_assets,0,
z0bug.coa_122510,122510,FA Avviamento,z0bug.coa_122,account.data_account_type_current_assets,0,
z0bug.coa_122600,122600,FA Immobilizzazioni imm.li in corso e acconti,z0bug.coa_122,account.data_account_type_current_assets,0,
z0bug.coa_122620,122620,FA Acconti a Fornitori su Immobilizzazioni,z0bug.coa_122,account.data_account_type_current_assets,0,
z0bug.coa_122630,122630,FA Caparre su Immobilizzazioni,z0bug.coa_122,account.data_account_type_current_assets,0,
z0bug.coa_122640,122640,FA Altre immobilizzazioni immateriali,z0bug.coa_122,account.data_account_type_current_assets,0,
z0bug.coa_122700,122700,FA Altre Immobilizzazioni,z0bug.coa_122,account.data_account_type_current_assets,0,
z0bug.coa_122710,122710,FA Indennità Perdita Avviamento,z0bug.coa_122,account.data_account_type_current_assets,0,
z0bug.coa_122720,122720,FA Costi Plur.li su Beni di Terzi,z0bug.coa_122,account.data_account_type_current_assets,0,
z0bug.coa_122730,122730,FA Altri costi  Pluriennali,z0bug.coa_122,account.data_account_type_current_assets,0,
z0bug.coa_122740,122740,FA Spese Manut.da Ammortiz.su Beni di Proprietà,z0bug.coa_122,account.data_account_type_current_assets,0,
z0bug.coa_122750,122750,FA Spese di Manutenzione su beni di Terzi,z0bug.coa_122,account.data_account_type_current_assets,0,
z0bug.coa_123,123,IMMOBILIZZAZIONI MATERIALI,z0bug.coa_12,account.data_account_type_current_assets,0,
z0bug.coa_123100,123100,Terreni e Fabbricati,z0bug.coa_123,account.data_account_type_current_assets,0,
z0bug.coa_123110,123110,Terreni senza Costruzioni,z0bug.coa_123,account.data_account_type_current_assets,0,
z0bug.coa_123120,123120,Terreni ad Util.ne Industriale,z0bug.coa_123,account.data_account_type_current_assets,0,
z0bug.coa_123130,123130,Terreni ad Util.ne Agricola,z0bug.coa_123,account.data_account_type_current_assets,0,
z0bug.coa_123140,123140,Terreni da Costruzione,z0bug.coa_123,account.data_account_type_current_assets,0,
z0bug.coa_123150,123150,Altri terreni,z0bug.coa_123,account.data_account_type_current_assets,0,
z0bug.coa_123160,123160,Fabbricati,z0bug.coa_123,account.data_account_type_current_assets,0,
z0bug.coa_123170,123170,Fabb.ti Indust.li e Infrastrutture,z0bug.coa_123,account.data_account_type_current_assets,0,
z0bug.coa_123180,123180,Fabbricati Industriali,z0bug.coa_123,account.data_account_type_current_assets,0,
z0bug.coa_123200,123200,Impianti  e Macchinari,z0bug.coa_123,account.data_account_type_current_assets,0,
z0bug.coa_123210,123210,Impianti generici vari,z0bug.coa_123,account.data_account_type_current_assets,0,
z0bug.coa_123220,123220,Impianti Specifici,z0bug.coa_123,account.data_account_type_current_assets,0,
z0bug.coa_123230,123230,Macchinari Operatori e Impianti,z0bug.coa_123,account.data_account_type_current_assets,0,
z0bug.coa_123240,123240,Impianti Generali,z0bug.coa_123,account.data_account_type_current_assets,0,
z0bug.coa_123300,123300,Attrezzature Industriali e Commerciali,z0bug.coa_123,account.data_account_type_current_assets,0,
z0bug.coa_123310,123310,Attrezzatura,z0bug.coa_123,account.data_account_type_current_assets,0,
z0bug.coa_123320,123320,Attrezzature Varie e Minute,z0bug.coa_123,account.data_account_type_current_assets,0,
z0bug.coa_123330,123330,Autovetture,z0bug.coa_123,account.data_account_type_current_assets,0,
z0bug.coa_123340,123340,Automezzi,z0bug.coa_123,account.data_account_type_current_assets,0,
z0bug.coa_123350,123350,Mezzi di Trasporto Interni,z0bug.coa_123,account.data_account_type_current_assets,0,
z0bug.coa_123360,123360,Imballaggi durevoli da riutilizzare,z0bug.coa_123,account.data_account_type_current_assets,0,
z0bug.coa_123370,123370,Macchine Ufficio Ordinarie,z0bug.coa_123,account.data_account_type_current_assets,0,
z0bug.coa_123380,123380,Macchine Ufficio Elettroniche,z0bug.coa_123,account.data_account_type_current_assets,0,
z0bug.coa_123382,123382,Telefono Cellulare,z0bug.coa_123,account.data_account_type_current_assets,0,
z0bug.coa_123390,123390,Mobili e Arredi Ufficio,z0bug.coa_123,account.data_account_type_current_assets,0,
z0bug.coa_123400,123400,Altri Beni,z0bug.coa_123,account.data_account_type_current_assets,0,
z0bug.coa_123410,123410,Beni in Concessione,z0bug.coa_123,account.data_account_type_current_assets,0,
z0bug.coa_123420,123420,Beni Gratuitamente Devolvibili,z0bug.coa_123,account.data_account_type_current_assets,0,
z0bug.coa_123430,123430,Altri Beni Materiali,z0bug.coa_123,account.data_account_type_current_assets,0,
z0bug.coa_123500,123500,Immoliz.ni Materiali in Corso e Acconti,z0bug.coa_123,account.data_account_type_current_assets,0,
z0bug.coa_123510,123510,Immobil. Materiali in Corso,z0bug.coa_123,account.data_account_type_current_assets,0,
z0bug.coa_123520,123520,Acconti a Fornitori su Acquisti,z0bug.coa_123,account.data_account_type_current_assets,0,
z0bug.coa_124,124,FA IMMOBILIZZAZIONI MATERIALI,z0bug.coa_12,account.data_account_type_current_assets,0,
z0bug.coa_124100,124100,FA Terreni e Fabbricati,z0bug.coa_124,account.data_account_type_current_assets,0,
z0bug.coa_124110,124110,FA Terreni senza Costruzioni,z0bug.coa_124,account.data_account_type_current_assets,0,
z0bug.coa_124120,124120,FA Terreni ad Util.ne Industriale,z0bug.coa_124,account.data_account_type_current_assets,0,
z0bug.coa_124130,124130,FA Terreni ad Util.ne Agricola,z0bug.coa_124,account.data_account_type_current_assets,0,
z0bug.coa_124140,124140,FA Terreni da Costruzione,z0bug.coa_124,account.data_account_type_current_assets,0,
z0bug.coa_124150,124150,FA Altri terreni,z0bug.coa_124,account.data_account_type_current_assets,0,
z0bug.coa_124160,124160,FA Fabbricati,z0bug.coa_124,account.data_account_type_current_assets,0,
z0bug.coa_124170,124170,FA Fabb.ti Indust.li e Infrastrutture,z0bug.coa_124,account.data_account_type_current_assets,0,
z0bug.coa_124180,124180,FA Fabbricati Industriali,z0bug.coa_124,account.data_account_type_current_assets,0,
z0bug.coa_124200,124200,FA Impianti  e Macchinari,z0bug.coa_124,account.data_account_type_current_assets,0,
z0bug.coa_124210,124210,FA Impianti generici vari,z0bug.coa_124,account.data_account_type_current_assets,0,
z0bug.coa_124220,124220,FA Impianti Specifici,z0bug.coa_124,account.data_account_type_current_assets,0,
z0bug.coa_124230,124230,FA Macchinari Operatori e Impianti,z0bug.coa_124,account.data_account_type_current_assets,0,
z0bug.coa_124240,124240,FA Impianti Generali,z0bug.coa_124,account.data_account_type_current_assets,0,
z0bug.coa_124300,124300,FA Attrezzature Industriali e Commerciali,z0bug.coa_124,account.data_account_type_current_assets,0,
z0bug.coa_124310,124310,FA Attrezzatura,z0bug.coa_124,account.data_account_type_current_assets,0,
z0bug.coa_124320,124320,FA Attrezzature Varie e Minute,z0bug.coa_124,account.data_account_type_current_assets,0,
z0bug.coa_124330,124330,FA Autovetture,z0bug.coa_124,account.data_account_type_current_assets,0,
z0bug.coa_124340,124340,FA Automezzi,z0bug.coa_124,account.data_account_type_current_assets,0,
z0bug.coa_124350,124350,FA Mezzi di Trasporto Interni,z0bug.coa_124,account.data_account_type_current_assets,0,
z0bug.coa_124360,124360,FA Imballaggi durevoli da riutilizzare,z0bug.coa_124,account.data_account_type_current_assets,0,
z0bug.coa_124370,124370,FA Macchine Ufficio Ordinarie,z0bug.coa_124,account.data_account_type_current_assets,0,
z0bug.coa_124380,124380,FA Macchine Ufficio Elettroniche,z0bug.coa_124,account.data_account_type_current_assets,0,
z0bug.coa_124382,124382,FA Telefono Cellulare,z0bug.coa_124,account.data_account_type_current_assets,0,
z0bug.coa_124390,124390,FA Mobili e Arredi Uffcio,z0bug.coa_124,account.data_account_type_current_assets,0,
z0bug.coa_124400,124400,FA Altri Beni,z0bug.coa_124,account.data_account_type_current_assets,0,
z0bug.coa_124410,124410,FA Beni in Concessione,z0bug.coa_124,account.data_account_type_current_assets,0,
z0bug.coa_124420,124420,FA Beni Gratuitamente Devolvibili,z0bug.coa_124,account.data_account_type_current_assets,0,
z0bug.coa_124430,124430,FA Altri Beni Materiali,z0bug.coa_124,account.data_account_type_current_assets,0,
z0bug.coa_124500,124500,FA Immoliz.ni Materiali in Corso e Acconti,z0bug.coa_124,account.data_account_type_current_assets,0,
z0bug.coa_124510,124510,FA Immobil. Materiali in Corso,z0bug.coa_124,account.data_account_type_current_assets,0,
z0bug.coa_124520,124520,FA Acconti a Fornitori su Acquisti,z0bug.coa_124,account.data_account_type_current_assets,0,
z0bug.coa_125,125,IMMOBILIZZAZIONI FINANZIARIE,z0bug.coa_12,account.data_account_type_current_assets,0,
z0bug.coa_125100,125100,Partecipazioni in Imprese Controllate,z0bug.coa_125,account.data_account_type_current_assets,0,
z0bug.coa_125200,125200,Partecipazioni in Imprese Collegate,z0bug.coa_125,account.data_account_type_current_assets,0,
z0bug.coa_125300,125300,Partecipazioni in Controllanti,z0bug.coa_125,account.data_account_type_current_assets,0,
z0bug.coa_125400,125400,Partecipazioni in Altre Imprese,z0bug.coa_125,account.data_account_type_current_assets,0,
z0bug.coa_125500,125500,Crediti Finanziari in Imprese Controllate ( a breve ),z0bug.coa_125,account.data_account_type_current_assets,0,
z0bug.coa_125550,125550,Crediti Finanziari in Imprese Controllate (+12 M),z0bug.coa_125,account.data_account_type_current_assets,0,
z0bug.coa_125600,125600,Crediti fin. in Imprese Collegate ( a breve),z0bug.coa_125,account.data_account_type_current_assets,0,
z0bug.coa_125650,125650,Crediti fin. in Imprese Collegate (+ 12 M),z0bug.coa_125,account.data_account_type_current_assets,0,
z0bug.coa_125700,125700,Crediti fin. v/Controllanti ( a breve ),z0bug.coa_125,account.data_account_type_current_assets,0,
z0bug.coa_125750,125750,Crediti fin. v/Controllanti (+ 12 M),z0bug.coa_125,account.data_account_type_current_assets,0,
z0bug.coa_125800,125800,Crediti fin. v/Altre Imprese ( a breve ),z0bug.coa_125,account.data_account_type_current_assets,0,
z0bug.coa_125850,125850,Crediti fin. v/Altre Imprese (+12 M),z0bug.coa_125,account.data_account_type_current_assets,0,
z0bug.coa_125900,125900,Altri Crediti Finanziari ( Entro 12 Mesi ),z0bug.coa_125,account.data_account_type_current_assets,0,
z0bug.coa_125950,125950,Altri Crediti Finanziari (+ 12 M),z0bug.coa_125,account.data_account_type_current_assets,0,
z0bug.coa_126,126000,TITOLI IMMOBILIZZATI,z0bug.coa_12,account.data_account_type_current_assets,0,
z0bug.coa_126000,126000,Titoli,z0bug.coa_126,account.data_account_type_current_assets,0,
z0bug.coa_126100,126100,Titoli di Stato,z0bug.coa_126,account.data_account_type_current_assets,0,
z0bug.coa_126200,126200,Titoli diversi,z0bug.coa_126,account.data_account_type_current_assets,0,
z0bug.coa_126300,126300,Azioni sociali,z0bug.coa_126,account.data_account_type_current_assets,0,
z0bug.coa_15,15,ATTIVO CIRCOLANTE,,account.data_account_type_current_assets,0,
z0bug.coa_151,151,RIMANENZE,z0bug.coa_15,account.data_account_type_current_assets,0,
z0bug.coa_151100,151100,Materie prime e di consumo,z0bug.coa_151,account.data_account_type_current_assets,0,
z0bug.coa_151110,151110,Mat.di Consumo per Officina e Stab.,z0bug.coa_151,account.data_account_type_current_assets,0,
z0bug.coa_151120,151120,Materie Sussidiarie,z0bug.coa_151,account.data_account_type_current_assets,0,
z0bug.coa_151130,151130,Altri Materiali di Consumo,z0bug.coa_151,account.data_account_type_current_assets,0,
z0bug.coa_151140,151140,Imballaggi,z0bug.coa_151,account.data_account_type_current_assets,0,
z0bug.coa_151150,151150,Merci in esposizione,z0bug.coa_151,account.data_account_type_current_assets,0,
z0bug.coa_151170,151170,Combustibili,z0bug.coa_151,account.data_account_type_current_assets,0,
z0bug.coa_151180,151180,Materiali per Manutenz.ne e Riparaz.ne,z0bug.coa_151,account.data_account_type_current_assets,0,
z0bug.coa_151190,151190,Cancelleria e Stampati da utilizzare,z0bug.coa_151,account.data_account_type_current_assets,0,
z0bug.coa_151200,151200,Prodotti in  Lavorazione,z0bug.coa_151,account.data_account_type_current_assets,0,
z0bug.coa_151210,151210,Prodotti in Corso di Lavorazione,z0bug.coa_151,account.data_account_type_current_assets,0,
z0bug.coa_151250,151250,Semilavorati,z0bug.coa_151,account.data_account_type_current_assets,0,
z0bug.coa_151300,151300,Lavori in corso su ordinazione,z0bug.coa_151,account.data_account_type_current_assets,0,
z0bug.coa_151320,151320,Lav. in corso su ordin.  a breve termine,z0bug.coa_151,account.data_account_type_current_assets,0,
z0bug.coa_151340,151340,Studi in corso,z0bug.coa_151,account.data_account_type_current_assets,0,
z0bug.coa_151360,151360,Prestaz. di servizi in corso,z0bug.coa_151,account.data_account_type_current_assets,0,
z0bug.coa_151380,151380,Commesse a lungo termine,z0bug.coa_151,account.data_account_type_current_assets,0,
z0bug.coa_151400,151400,Prodotti finiti e Merci,z0bug.coa_151,account.data_account_type_current_assets,0,
z0bug.coa_151410,151410,Beni per produzione servizi,z0bug.coa_151,account.data_account_type_current_assets,0,
z0bug.coa_151420,151420,Prodotti intermedi,z0bug.coa_151,account.data_account_type_current_assets,0,
z0bug.coa_151430,151430,Cascami e sottoprodotti,z0bug.coa_151,account.data_account_type_current_assets,0,
z0bug.coa_151440,151440,Merci da vendere,z0bug.coa_151,account.data_account_type_current_assets,0,
z0bug.coa_151500,151500,Fornitori c/acconti,z0bug.coa_151,account.data_account_type_current_assets,0,
z0bug.coa_151510,151510,Acconti fornit. su materie prime,z0bug.coa_151,account.data_account_type_current_assets,0,
z0bug.coa_151520,151520,Acconti fornit. su materie sussidiarie,z0bug.coa_151,account.data_account_type_current_assets,0,
z0bug.coa_151530,151530,Acconti fornit. su materiali di consumo,z0bug.coa_151,account.data_account_type_current_assets,0,
z0bug.coa_152,152,CREDITI COMMERCIALI,z0bug.coa_15,account.data_account_type_current_assets,0,
z0bug.coa_152100,152100,Crediti v/clienti Italia,z0bug.coa_152,account.data_account_type_receivable,1,
z0bug.coa_152110,152110,Crediti v/clienti UE,z0bug.coa_152,account.data_account_type_receivable,1,
z0bug.coa_152120,152120,Clienti v/clienti Extra-UE,z0bug.coa_152,account.data_account_type_receivable,1,
z0bug.coa_152130,152130,Clienti corrispettivi giornalieri,z0bug.coa_152,account.data_account_type_receivable,1,
z0bug.coa_152140,152140,Clienti c/spese anticipate,z0bug.coa_152,account.data_account_type_receivable,1,
z0bug.coa_152150,152150,Clienti fatture da emettere,z0bug.coa_152,account.data_account_type_receivable,1,
z0bug.coa_152160,152160,Crediti inesigibili o in sofferenza,z0bug.coa_152,account.data_account_type_receivable,1,
z0bug.coa_152170,152170,Clienti c/corrispettivi da emettere,z0bug.coa_152,account.data_account_type_receivable,1,
z0bug.coa_152180,152180,Crediti commerciali diversi,z0bug.coa_152,account.data_account_type_receivable,1,
z0bug.coa_152200,152200,Effetti attivi commerciali,z0bug.coa_152,account.data_account_type_receivable,1,
z0bug.coa_152210,152210,Effetti all'incasso,z0bug.coa_152,account.data_account_type_receivable,1,
z0bug.coa_152220,152220,Effetti allo sconto,z0bug.coa_152,account.data_account_type_receivable,1,
z0bug.coa_152230,152230,Effetti insoluti e protestati,z0bug.coa_152,account.data_account_type_receivable,1,
z0bug.coa_152300,152300,Crediti v/clienti Italia (+12M),z0bug.coa_152,account.data_account_type_receivable,1,
z0bug.coa_152310,152310,Crediti v/clienti UE (+12M),z0bug.coa_152,account.data_account_type_receivable,1,
z0bug.coa_152320,152320,Crediti v/clienti Extra-UE (+!12M),z0bug.coa_152,account.data_account_type_receivable,1,
z0bug.coa_152400,152400,Cambiali attive (+12M),z0bug.coa_152,account.data_account_type_receivable,1,
z0bug.coa_152410,152410,Effetti all'incasso (+12M),z0bug.coa_152,account.data_account_type_receivable,1,
z0bug.coa_152420,152420,Effetti allo sconto (+12M),z0bug.coa_152,account.data_account_type_receivable,1,
z0bug.coa_152430,152430,Effetti insoluti o protestati( credito +12M),z0bug.coa_152,account.data_account_type_receivable,1,
z0bug.coa_152500,152500,Crediti v/Imprese Controllate ( a breve ),z0bug.coa_152,account.data_account_type_receivable,1,
z0bug.coa_152550,152550,Crediti v/Imprese Controllate (+12 M),z0bug.coa_152,account.data_account_type_receivable,1,
z0bug.coa_152600,152600,Crediti v/Imprese Collegate ( a breve ),z0bug.coa_152,account.data_account_type_receivable,1,
z0bug.coa_152650,152650,Crediti v/Imprese Collegate (+ 12 M),z0bug.coa_152,account.data_account_type_receivable,1,
z0bug.coa_152700,152700,Crediti v/Controllanti ( a breve ),z0bug.coa_152,account.data_account_type_receivable,1,
z0bug.coa_152750,152750,Crediti v/Controllanti (+ 12 M),z0bug.coa_152,account.data_account_type_receivable,1,
z0bug.coa_152800,152800,Crediti v/Altre Imprese ( a breve ),z0bug.coa_152,account.data_account_type_receivable,1,
z0bug.coa_152850,152850,Crediti v/Altre Imprese ( +12 M ),z0bug.coa_152,account.data_account_type_receivable,1,
z0bug.coa_152900,152900,Altri Crediti ( Entro 12 Mesi ),z0bug.coa_152,account.data_account_type_receivable,1,
z0bug.coa_152950,152950,Altri Crediti (+ 12 M),z0bug.coa_152,account.data_account_type_receivable,1,
z0bug.coa_153,153,CREDITI DIVERSI  CHE NON COSTITUISCONO IMMOBILIZZAZIONI,z0bug.coa_15,account.data_account_type_current_assets,0,
z0bug.coa_153010,153010,IVA n/credito,z0bug.coa_153,account.data_account_type_current_assets,0,
z0bug.coa_153020,153020,Crediti IVA c/erario,z0bug.coa_153,account.data_account_type_current_assets,0,
z0bug.coa_153030,153030,IVA n/credito split-payment,z0bug.coa_153,account.data_account_type_current_assets,0,
z0bug.coa_153040,153040,Crediti per rimborsi IVA,z0bug.coa_153,account.data_account_type_current_assets,0,
z0bug.coa_153050,153050,Integr. IVA da c/acquisti UE (L.427/93),z0bug.coa_153,account.data_account_type_current_assets,0,
z0bug.coa_153060,153060,Imposte c/acconto IVA,z0bug.coa_153,account.data_account_type_current_assets,0,
z0bug.coa_153100,153100,Crediti tributari,z0bug.coa_153,account.data_account_type_current_assets,0,
z0bug.coa_153110,153110,Crediti per ritenute subite,z0bug.coa_153,account.data_account_type_receivable,1,
z0bug.coa_153120,153120,Crediti per rit. Int.Attivi Bancari,z0bug.coa_153,account.data_account_type_current_assets,0,
z0bug.coa_153140,153140,Crediti per rimborsi IRES/IRAP,z0bug.coa_153,account.data_account_type_current_assets,0,
z0bug.coa_153150,153150,Imposte c/acconto  IRES/IRAP,z0bug.coa_153,account.data_account_type_current_assets,0,
z0bug.coa_153200,153200,Crediti v/dipendenti,z0bug.coa_153,account.data_account_type_current_assets,0,
z0bug.coa_153250,153250,Personale c/acconti,z0bug.coa_153,account.data_account_type_current_assets,0,
z0bug.coa_153300,153300,Crediti verso INAIL,z0bug.coa_153,account.data_account_type_current_assets,0,
z0bug.coa_153310,153310,Crediti v/istituti previdenziali,z0bug.coa_153,account.data_account_type_current_assets,0,
z0bug.coa_153330,153330,Crediti v/compagnie assicurative,z0bug.coa_153,account.data_account_type_current_assets,0,
z0bug.coa_153340,153340,Crediti per rimborsi INAIL,z0bug.coa_153,account.data_account_type_current_assets,0,
z0bug.coa_153400,153400,Crediti per depositi cauzionali,z0bug.coa_153,account.data_account_type_current_assets,0,
z0bug.coa_153410,153410,Arrotondamenti a. su stipendi,z0bug.coa_153,account.data_account_type_current_assets,0,
z0bug.coa_153420,153420,Fondo rischi su crediti,z0bug.coa_153,account.data_account_type_current_assets,0,
z0bug.coa_153450,153450,Obbligazionisti c/sottoscrizioni,z0bug.coa_153,account.data_account_type_current_assets,0,
z0bug.coa_153500,153500,Creditori diversi,z0bug.coa_153,account.data_account_type_receivable,1,
z0bug.coa_153510,153510,Crediti v/fornitori c/anticipi,z0bug.coa_153,account.data_account_type_receivable,1,
z0bug.coa_153520,153520,Crediti v/Amministratori,z0bug.coa_153,account.data_account_type_receivable,1,
z0bug.coa_153530,153530,Note Credito da ricevere,z0bug.coa_153,account.data_account_type_receivable,1,
z0bug.coa_154,154,CREDITI DIVERSI ,z0bug.coa_15,account.data_account_type_current_assets,0,
z0bug.coa_154100,154100,Crediti tributari ( +12 M ),z0bug.coa_154,account.data_account_type_current_assets,0,
z0bug.coa_154300,154300,Crediti verso INAIL (+ 12 M),z0bug.coa_154,account.data_account_type_current_assets,0,
z0bug.coa_154310,154310,Crediti v/istituti previdenziali (+ 12 M ),z0bug.coa_154,account.data_account_type_current_assets,0,
z0bug.coa_154330,154330,Crediti v/compagnie assicurative (+ 12 M),z0bug.coa_154,account.data_account_type_current_assets,0,
z0bug.coa_154400,154400,Crediti per depositi cauzionali ( +  12 M ),z0bug.coa_154,account.data_account_type_current_assets,0,
z0bug.coa_154450,154450,Obbligazionisti c/sottoscrizioni (+ 12 M),z0bug.coa_154,account.data_account_type_current_assets,0,
z0bug.coa_18,18,LIQUIDITA’,,account.data_account_type_current_assets,0,
z0bug.coa_180,180,TOTALE DISPONIBILITA’ LIQUIDE,z0bug.coa_18,account.data_account_type_current_assets,0,
z0bug.coa_180001,180001,Contante,z0bug.coa_180,account.data_account_type_liquidity,0,
z0bug.coa_180002,180002,Banca,z0bug.coa_180,account.data_account_type_liquidity,0,
z0bug.coa_180010,180010,Denaro in Cassa,z0bug.coa_180,account.data_account_type_current_liabilities,0,
z0bug.coa_180020,180020,C/C Postali,z0bug.coa_180,account.data_account_type_current_liabilities,0,
z0bug.coa_180030,180030,Assegni,z0bug.coa_180,account.data_account_type_current_liabilities,0,
z0bug.coa_180040,180040,Valori bollati in cassa,z0bug.coa_180,account.data_account_type_current_liabilities,0,
z0bug.coa_180100,180100,Banche e c/c locali,z0bug.coa_180,account.data_account_type_current_liabilities,0,
z0bug.coa_180200,180200,Banche e c/c regionali,z0bug.coa_180,account.data_account_type_current_liabilities,0,
z0bug.coa_180300,180300,Banche e c/c nazionali,z0bug.coa_180,account.data_account_type_current_liabilities,0,
z0bug.coa_180400,180400,Banche e c/c on-line,z0bug.coa_180,account.data_account_type_current_liabilities,0,
z0bug.coa_183000,183000,conto di trasferimento,z0bug.coa_88,account.data_account_type_current_assets,1,
z0bug.coa_19,19,RATEI E RISCONTI ATTIVI,,account.data_account_type_current_assets,0,
z0bug.coa_190,190,RATEI E RISCONTI ATTIVI,z0bug.coa_19,account.data_account_type_current_assets,0,
z0bug.coa_190110,190110,Ratei attivi,z0bug.coa_190,account.data_account_type_current_assets,0,
z0bug.coa_190120,190120,Risconti attivi,z0bug.coa_190,account.data_account_type_current_assets,0,
z0bug.coa_21,21,PATRIMONIO NETTO,,account.data_account_type_current_assets,0,
z0bug.coa_211,211,PATRIMONIO NETTO,z0bug.coa_21,account.data_account_type_current_assets,0,
z0bug.coa_211010,211010,Capitale sociale,z0bug.coa_211,account.data_account_type_current_liabilities,0,
z0bug.coa_211020,211020,Patrimonio Netto,z0bug.coa_211,account.data_account_type_current_liabilities,0,
z0bug.coa_211030,211030,Quote sottoscritte,z0bug.coa_211,account.data_account_type_current_liabilities,0,
z0bug.coa_211040,211040,Azioni di Risparmio,z0bug.coa_211,account.data_account_type_current_liabilities,0,
z0bug.coa_212,212,RISERVE,z0bug.coa_21,account.data_account_type_current_assets,0,
z0bug.coa_212010,212010,Riserva da sovrapprezzo azioni,z0bug.coa_212,account.data_account_type_current_liabilities,0,
z0bug.coa_213010,213010,Riserva di rivalutazione,z0bug.coa_212,account.data_account_type_current_liabilities,0,
z0bug.coa_214010,214010,Riserva legale,z0bug.coa_212,account.data_account_type_current_liabilities,0,
z0bug.coa_215010,215010,Riserve statutarie,z0bug.coa_212,account.data_account_type_current_liabilities,0,
z0bug.coa_216010,216010,Riserva per azioni proprie in portafoglio,z0bug.coa_212,account.data_account_type_current_liabilities,0,
z0bug.coa_217000,217000,Altre riserve,z0bug.coa_212,account.data_account_type_current_liabilities,0,
z0bug.coa_217010,217010,Altre riserve: riserva straordinaria o facoltativa,z0bug.coa_212,account.data_account_type_current_liabilities,0,
z0bug.coa_217020,217020,Altre riserve:  riserva per rinnovamento impianti e macchinari,z0bug.coa_212,account.data_account_type_current_liabilities,0,
z0bug.coa_217030,217030,Altre riserve: riserva ammortamento anticipato,z0bug.coa_212,account.data_account_type_current_liabilities,0,
z0bug.coa_217040,217040,Altre riserve: riserva per acquisto azioni proprie,z0bug.coa_212,account.data_account_type_current_liabilities,0,
z0bug.coa_217050,217050,Altre riserve: riserva da deroghe ex art. 2423 cod. civ,z0bug.coa_212,account.data_account_type_current_liabilities,0,
z0bug.coa_217060,217060,Altre riserve: riserva azioni (quote) della societa controllante,z0bug.coa_212,account.data_account_type_current_liabilities,0,
z0bug.coa_217070,217070,Altre riserve: riserva non distribuibile da rivalutazione delle partecipazioni,z0bug.coa_212,account.data_account_type_current_liabilities,0,
z0bug.coa_217080,217080,Altre riserve: versamenti in conto aumento di capitale,z0bug.coa_212,account.data_account_type_current_liabilities,0,
z0bug.coa_217090,217090,Altre riserve: versamenti in conto futuro aumento di capitale,z0bug.coa_212,account.data_account_type_current_liabilities,0,
z0bug.coa_217100,217100,Altre riserve: versamenti in conto capitale,z0bug.coa_212,account.data_account_type_current_liabilities,0,
z0bug.coa_217110,217110,Altre riserve: versamenti a copertura perdite,z0bug.coa_212,account.data_account_type_current_liabilities,0,
z0bug.coa_217120,217120,Altre riserve: riserva per utili su cambi,z0bug.coa_212,account.data_account_type_current_liabilities,0,
z0bug.coa_217130,217130,"Altre riserve: Riserve da condono fiscale, ex L.289 del 27/12/2002",z0bug.coa_212,account.data_account_type_current_liabilities,0,
z0bug.coa_218,218,UTILI,z0bug.coa_21,account.data_account_type_current_liabilities,0,
z0bug.coa_218010,218010,Utili (perdite) portati a nuovo,z0bug.coa_218,account.data_account_type_current_liabilities,0,
z0bug.coa_219010,219010,Utile (perdita) d'esercizio,z0bug.coa_218,account.data_account_type_current_liabilities,0,
z0bug.coa_219020,219020,"Utile (perdita) d'esercizio, copertura parziale perdita d'esercizio ",z0bug.coa_218,account.data_account_type_current_liabilities,0,
z0bug.coa_219030,219030,"Utile (perdita) d'esercizio, utile (perdita) residua",z0bug.coa_218,account.data_account_type_current_liabilities,0,
z0bug.coa_22,22,FONDI PER RISCHI E ONERI,,account.data_account_type_current_liabilities,0,
z0bug.coa_220,220,FONDI PER RISCHI E ONERI,z0bug.coa_22,account.data_account_type_current_liabilities,0,
z0bug.coa_220100,220100,Fondo per trattamento di quiescenza,z0bug.coa_22,account.data_account_type_current_liabilities,0,
z0bug.coa_220200,220200,Fondo imposte presunte,z0bug.coa_22,account.data_account_type_current_liabilities,0,
z0bug.coa_220300,220300,Fondo imposte differite,z0bug.coa_22,account.data_account_type_current_liabilities,0,
z0bug.coa_220400,220400,Fondo manutenzioni programmate,z0bug.coa_22,account.data_account_type_current_liabilities,0,
z0bug.coa_220510,220510,Fondo rischi su cambi,z0bug.coa_22,account.data_account_type_current_liabilities,0,
z0bug.coa_220520,220520,Fondo per concorsi a premio,z0bug.coa_22,account.data_account_type_current_liabilities,0,
z0bug.coa_220530,220530,Fondo di auto-assicurazione,z0bug.coa_22,account.data_account_type_current_liabilities,0,
z0bug.coa_220540,220540,Fondo rischi di collaudo,z0bug.coa_22,account.data_account_type_current_liabilities,0,
z0bug.coa_220550,220550,Fondo rischi di garanzia,z0bug.coa_22,account.data_account_type_current_liabilities,0,
z0bug.coa_220560,220560,Fondo per rischi e oneri futuri,z0bug.coa_22,account.data_account_type_current_liabilities,0,
z0bug.coa_23,23,TRATTAMENTO FINE RAPPORTO LAVORO SUBORDINATO,,account.data_account_type_current_liabilities,0,
z0bug.coa_230010,230010,Debiti per TFR,z0bug.coa_23,account.data_account_type_payable,1,
z0bug.coa_24,24,DEBITI FINANZIARI,,account.data_account_type_current_liabilities,0,
z0bug.coa_240100,240100,Banche c/c passivi locali,z0bug.coa_24,account.data_account_type_current_liabilities,0,
z0bug.coa_240200,240200,Banche c/c passivi regionali,z0bug.coa_24,account.data_account_type_current_liabilities,0,
z0bug.coa_240203,240203,C.R.Fossano (passivo),z0bug.coa_24,account.data_account_type_current_liabilities,0,
z0bug.coa_240204,240204,C.R.Savigliano (passivo),z0bug.coa_24,account.data_account_type_current_liabilities,0,
z0bug.coa_240300,240300,Banche c/c passivi nazionali,z0bug.coa_24,account.data_account_type_current_liabilities,0,
z0bug.coa_240301,240301,Unicredit Banca (passivo),z0bug.coa_24,account.data_account_type_current_liabilities,0,
z0bug.coa_240302,240302,Banca Intesa San Paolo (passivo),z0bug.coa_24,account.data_account_type_current_liabilities,0,
z0bug.coa_240303,240303,Monte dei Paschi Siena (passivo),z0bug.coa_24,account.data_account_type_current_liabilities,0,
z0bug.coa_240304,240304,BNL Paribas (passivo),z0bug.coa_24,account.data_account_type_current_liabilities,0,
z0bug.coa_240400,240400,Banche c/c passivi on-line,z0bug.coa_24,account.data_account_type_current_liabilities,0,
z0bug.coa_240500,240500,Banche c/sovvenzioni,z0bug.coa_24,account.data_account_type_current_liabilities,0,
z0bug.coa_241100,241100,Banche c/RIBA all'incasso,z0bug.coa_24,account.data_account_type_current_liabilities,0,
z0bug.coa_242100,242100,Banche c/cambiali all'incasso,z0bug.coa_24,account.data_account_type_current_liabilities,0,
z0bug.coa_243100,243100,Banche c/anticipi su fatture,z0bug.coa_24,account.data_account_type_current_liabilities,0,
z0bug.coa_244101,244101,Carta di credito Visa,z0bug.coa_24,account.data_account_type_current_liabilities,0,
z0bug.coa_244102,244102,Carta di credito Mastercard,z0bug.coa_24,account.data_account_type_current_liabilities,0,
z0bug.coa_245100,245100,Obbligazioni ordinarie,z0bug.coa_24,account.data_account_type_current_liabilities,0,
z0bug.coa_245110,245110,Obbligazioni ordinarie (+ 12 M),z0bug.coa_24,account.data_account_type_current_liabilities,0,
z0bug.coa_245120,245120,Obbligazioni indicizzate,z0bug.coa_24,account.data_account_type_current_liabilities,0,
z0bug.coa_245130,245130,Obbligazioni indicizzate (+ 12 M ),z0bug.coa_24,account.data_account_type_current_liabilities,0,
z0bug.coa_245140,245140,Altre obbligazioni,z0bug.coa_24,account.data_account_type_current_liabilities,0,
z0bug.coa_245150,245150,Altre obbligazioni (+ 12 M),z0bug.coa_24,account.data_account_type_current_liabilities,0,
z0bug.coa_246000,246000,Mutui passivi,z0bug.coa_24,account.data_account_type_current_liabilities,0,
z0bug.coa_246010,246010,Aperture di credito con garanzia reale,z0bug.coa_24,account.data_account_type_current_liabilities,0,
z0bug.coa_246020,246020,Altri debiti con garanzia reale ( a breve ),z0bug.coa_24,account.data_account_type_current_liabilities,0,
z0bug.coa_246030,246030,Altri debiti con garanzia reale (+ 12 M),z0bug.coa_24,account.data_account_type_current_liabilities,0,
z0bug.coa_247100,247100,Debiti v/altri finanziatori,z0bug.coa_24,account.data_account_type_current_liabilities,0,
z0bug.coa_247110,247110,Debiti v/soci,z0bug.coa_24,account.data_account_type_current_liabilities,0,
z0bug.coa_247120,247120,Soci c/finanziamento infruttifero,z0bug.coa_24,account.data_account_type_current_liabilities,0,
z0bug.coa_247130,247130,Debiti v/società finanziarie,z0bug.coa_24,account.data_account_type_current_liabilities,0,
z0bug.coa_247140,247140,Depositi di dipendenti,z0bug.coa_24,account.data_account_type_current_liabilities,0,
z0bug.coa_247500,247500,Debiti Finanziari in Imprese Controllate ( a breve ),z0bug.coa_24,account.data_account_type_current_liabilities,0,
z0bug.coa_247550,247550,Debiti Finanziari in Imprese Controllate (+12 M),z0bug.coa_24,account.data_account_type_current_liabilities,0,
z0bug.coa_247600,247600,Debiti fin. in Imprese Collegate ( a breve),z0bug.coa_24,account.data_account_type_current_liabilities,0,
z0bug.coa_247650,247650,Debiti fin. in Imprese Collegate (+ 12 M),z0bug.coa_24,account.data_account_type_current_liabilities,0,
z0bug.coa_247700,247700,Debiti fin. v/Controllanti ( a breve ),z0bug.coa_24,account.data_account_type_current_liabilities,0,
z0bug.coa_247750,247750,Debiti fin. v/Controllanti (+ 12 M),z0bug.coa_24,account.data_account_type_current_liabilities,0,
z0bug.coa_247800,247800,Debiti fin. v/Altre Imprese ( a breve ),z0bug.coa_24,account.data_account_type_current_liabilities,0,
z0bug.coa_247850,247850,Debiti fin. v/Altre Imprese ( +12 M ),z0bug.coa_24,account.data_account_type_current_liabilities,0,
z0bug.coa_247900,247900,Altri Debiti Finanziari ( Entro 12 Mesi ),z0bug.coa_24,account.data_account_type_current_liabilities,0,
z0bug.coa_247950,247950,Altri Debiti Finanziari (+ 12 M),z0bug.coa_24,account.data_account_type_current_liabilities,0,
z0bug.coa_25,25,DEBITI COMMERCIALI,,account.data_account_type_current_liabilities,0,
z0bug.coa_250100,250100,Debiti v/fornitori Italia,z0bug.coa_25,account.data_account_type_payable,1,
z0bug.coa_250110,250110,Debiti v/fornitori UE,z0bug.coa_25,account.data_account_type_payable,1,
z0bug.coa_250120,250120,Debiti v/fornitori Extra-UE,z0bug.coa_25,account.data_account_type_payable,1,
z0bug.coa_250140,250140,Debiti per Carburanti,z0bug.coa_25,account.data_account_type_payable,1,
z0bug.coa_250150,250150,Fornitori Fatture da ricevere,z0bug.coa_25,account.data_account_type_payable,1,
z0bug.coa_250180,250180,Debiti da liquidare,z0bug.coa_25,account.data_account_type_payable,1,
z0bug.coa_250190,250190,Bolla doganale,z0bug.coa_25,account.data_account_type_payable,1,
z0bug.coa_250200,250200,Cambiali passive,z0bug.coa_25,account.data_account_type_payable,1,
z0bug.coa_250300,250300,Debiti v/fornitori Italia (+12M),z0bug.coa_25,account.data_account_type_payable,1,
z0bug.coa_250310,250310,Debiti v/fornitori UE (+12M),z0bug.coa_25,account.data_account_type_payable,1,
z0bug.coa_250320,250320,Debiti v/fornitori Extra-UE (+12M),z0bug.coa_25,account.data_account_type_payable,1,
z0bug.coa_250400,250400,Cambiali passive (+12M),z0bug.coa_25,account.data_account_type_payable,1,
z0bug.coa_26,26,DEBITI DIVERSI,,account.data_account_type_current_liabilities,0,
z0bug.coa_260010,260010,IVA n/debito,z0bug.coa_26,account.data_account_type_current_liabilities,0,
z0bug.coa_260020,260020,Erario c/IVA,z0bug.coa_26,account.data_account_type_current_liabilities,0,
z0bug.coa_260030,260030,IVA n/deb. split-payment,z0bug.coa_26,account.data_account_type_current_liabilities,0,
z0bug.coa_260040,260040,IVA su corrispettivi,z0bug.coa_26,account.data_account_type_current_liabilities,0,
z0bug.coa_260050,260050,IVA autofatture da c/acquisti UE,z0bug.coa_26,account.data_account_type_current_liabilities,0,
z0bug.coa_260100,260100,Debiti per imposte,z0bug.coa_26,account.data_account_type_current_liabilities,0,
z0bug.coa_260110,260110,Debiti per ritenute da versare,z0bug.coa_26,account.data_account_type_payable,1,
z0bug.coa_260200,260200,Personale c/retribuzioni,z0bug.coa_26,account.data_account_type_current_liabilities,1,
z0bug.coa_260210,260210,Personale c/liquidazioni,z0bug.coa_26,account.data_account_type_current_liabilities,1,
z0bug.coa_260300,260300,Debiti verso INAIL,z0bug.coa_26,account.data_account_type_current_liabilities,1,
z0bug.coa_260310,260310,Debiti v/istituti previdenziali,z0bug.coa_26,account.data_account_type_current_liabilities,1,
z0bug.coa_260311,260311,Debiti v/INPS Dipendenti,z0bug.coa_26,account.data_account_type_current_liabilities,1,
z0bug.coa_260312,260312,Debiti v/IRPEF Dipendenti,z0bug.coa_26,account.data_account_type_current_liabilities,1,
z0bug.coa_260313,260313,Debiti v/Fondi pensione complementari,z0bug.coa_26,account.data_account_type_current_liabilities,1,
z0bug.coa_260314,260314,Debiti v/IRPEF Amministratori e collaboratori,z0bug.coa_26,account.data_account_type_current_liabilities,1,
z0bug.coa_260316,260316,Cassa assistenza sanitaria,z0bug.coa_26,account.data_account_type_current_liabilities,1,
z0bug.coa_260317,260317,Debiti v/Associazioni sindacali e di categoria,z0bug.coa_26,account.data_account_type_current_liabilities,1,
z0bug.coa_260400,260400,Depositi cauzionali (da rendere),z0bug.coa_26,account.data_account_type_current_liabilities,1,
z0bug.coa_260410,260410,Debitori diversi,z0bug.coa_26,account.data_account_type_current_liabilities,1,
z0bug.coa_260420,260420,Debiti v/clienti c/anticipi,z0bug.coa_26,account.data_account_type_current_liabilities,1,
z0bug.coa_260430,260430,Debiti v/Amministratori,z0bug.coa_26,account.data_account_type_current_liabilities,1,
z0bug.coa_260440,260440,Note Credito da Emettere,z0bug.coa_26,account.data_account_type_current_liabilities,1,
z0bug.coa_260450,260450,Arrotondamenti p. su stipendi,z0bug.coa_26,account.data_account_type_current_liabilities,0,
z0bug.coa_29,29,RATEI E RISCONTI PASSIVI,,account.data_account_type_current_liabilities,0,
z0bug.coa_290010,290010,Ratei passivi,z0bug.coa_29,account.data_account_type_current_liabilities,0,
z0bug.coa_290020,290020,Risconti passivi,z0bug.coa_29,account.data_account_type_current_liabilities,0,
z0bug.coa_41,41,RISCHI ASSUNTI DALL'IMPRESA,,account.data_account_type_current_liabilities,1,
z0bug.coa_410010,410010,"Rischi assunti dall'impresa, Fideiussioni",z0bug.coa_41,account.data_account_type_current_liabilities,0,
z0bug.coa_410020,410020,"Rischi assunti dall'impresa, Avalli",z0bug.coa_41,account.data_account_type_current_liabilities,0,
z0bug.coa_410030,410030,"Rischi assunti dall'impresa, Altre garanzie personali",z0bug.coa_41,account.data_account_type_current_liabilities,0,
z0bug.coa_410040,410040,"Rischi assunti dall'impresa, Garanzie reali",z0bug.coa_41,account.data_account_type_current_liabilities,0,
z0bug.coa_410050,410050,"Rischi assunti dall'impresa, Altri rischi, crediti ceduti pro solvendo",z0bug.coa_41,account.data_account_type_current_liabilities,0,
z0bug.coa_42,42,TOTALE IMPEGNI ASSUNTI DALL'IMPRESA,,account.data_account_type_current_liabilities,1,
z0bug.coa_420010,420010,Totale impegni assunti dall'impresa,z0bug.coa_42,account.data_account_type_current_liabilities,0,
z0bug.coa_43,43,BENI DI TERZI PRESSO L'IMPRESA,,account.data_account_type_current_liabilities,1,
z0bug.coa_430010,430010,"Beni di terzi presso l'impresa, merci in conto lavorazione",z0bug.coa_43,account.data_account_type_expenses,0,
z0bug.coa_430020,430020,"Beni di terzi presso l'impresa, a titolo di deposito o comodato",z0bug.coa_43,account.data_account_type_expenses,0,
z0bug.coa_430030,430030,"Beni di terzi presso l'impresa, in pegno o cauzione",z0bug.coa_43,account.data_account_type_expenses,0,
z0bug.coa_430210,430210,Costo Macchinari in leasing,z0bug.coa_43,account.data_account_type_expenses,0,
z0bug.coa_430310,430310,Titoli di terzi ricevuti in garanzia,z0bug.coa_43,account.data_account_type_expenses,0,
z0bug.coa_49,49,RIPRESE FISCALI DA NON DIMENTICARE,,account.data_account_type_expenses,1,
z0bug.coa_490010,490010,Stato patrimoniale iniziale,z0bug.coa_49,account.data_account_type_expenses,0,
z0bug.coa_490020,490020,Stato patrimoniale finale,z0bug.coa_49,account.data_account_type_expenses,0,
z0bug.coa_490030,490030,Stato patrimoniale (da risultato di esercizio),z0bug.coa_49,account.data_account_type_expenses,0,
z0bug.coa_490050,490050,Transitorio Reverse Charge,z0bug.coa_49,account.data_account_type_expenses,0,
z0bug.coa_51,51,RICAVI DI VENDITE E PRESTAZIONI,,account.data_account_type_other_income,0,
z0bug.coa_510000,510000,Ricavi da merci e servizi,z0bug.coa_51,account.data_account_type_other_income,0,
z0bug.coa_510100,510100,Merci c/vendita,z0bug.coa_51,account.data_account_type_other_income,0,
z0bug.coa_510200,510200,Ricavi da prestazioni di servizio,z0bug.coa_51,account.data_account_type_other_income,0,
z0bug.coa_510300,510300,Corrispettivi lordi da ventilare,z0bug.coa_51,account.data_account_type_other_income,0,
z0bug.coa_510400,510400,Corrispettivi ripartiti,z0bug.coa_51,account.data_account_type_other_income,0,
z0bug.coa_510500,510500,Ricavi da privati,z0bug.coa_51,account.data_account_type_other_income,0,
z0bug.coa_511000,511000,Premi su vendite,z0bug.coa_51,account.data_account_type_other_income,0,
z0bug.coa_512000,512000,Rimborsi spese c/clienti,z0bug.coa_51,account.data_account_type_other_income,0,
z0bug.coa_513000,513000,Resi su vendite,z0bug.coa_51,account.data_account_type_other_income,0,
z0bug.coa_519000,519000,"Rett.che per Resi,Sconti,Abbuoni su vendite",z0bug.coa_51,account.data_account_type_other_income,0,
z0bug.coa_52,52,VARIAZIONI RIMANENZE DI LAVORAZIONI IN CORSO,,account.data_account_type_other_income,0,
z0bug.coa_520100,520100,Var.ne Materie Prime,z0bug.coa_52,account.data_account_type_other_income,0,
z0bug.coa_520150,520150,Var.ne Merci Esposizione,z0bug.coa_52,account.data_account_type_other_income,0,
z0bug.coa_520200,520200,Variazioni delle rimanenze,z0bug.coa_52,account.data_account_type_other_income,0,
z0bug.coa_520250,520250,Var.ne Prodotti semilavorati,z0bug.coa_52,account.data_account_type_other_income,0,
z0bug.coa_520400,520400,Var.ne Rimanenze finali merce,z0bug.coa_52,account.data_account_type_other_income,0,
z0bug.coa_53,53,VARIAZIONI DI LAVORI IN CORSO SU ORDINAZIONE,,account.data_account_type_other_income,0,
z0bug.coa_530310,530310,"Valore della produzione, variazioni dei lavori in corso su ordinazione",z0bug.coa_53,account.data_account_type_other_income,0,
z0bug.coa_54,54,INCREMENTI DI IMMOBILIZZAZIONI PER LAVORI INTERNI,,account.data_account_type_other_income,0,
z0bug.coa_540130,540130,Incr. Val. avviamento impianti o produzione,z0bug.coa_54,account.data_account_type_other_income,0,
z0bug.coa_540210,540210,"Valori da studio,ricerca e progettazione",z0bug.coa_54,account.data_account_type_other_income,0,
z0bug.coa_540220,540220,Valori da pubblicità e marketing,z0bug.coa_54,account.data_account_type_other_income,0,
z0bug.coa_540310,540310,Ricavi da Brevetti,z0bug.coa_54,account.data_account_type_other_income,0,
z0bug.coa_540320,540320,Diritti di utilizzazione opere dell'ingegno,z0bug.coa_54,account.data_account_type_other_income,0,
z0bug.coa_540330,540330,Diritti di utilizzazione programmi software,z0bug.coa_54,account.data_account_type_other_income,0,
z0bug.coa_540410,540410,Ricavi da concessioni,z0bug.coa_54,account.data_account_type_other_income,0,
z0bug.coa_540420,540420,Ricavi da Licenze,z0bug.coa_54,account.data_account_type_other_income,0,
z0bug.coa_540430,540430,Valore Marchi di fabbrica,z0bug.coa_54,account.data_account_type_other_income,0,
z0bug.coa_540600,540600,"Valore della produzione, incrementi di immobilizzazioni per lavori interni",z0bug.coa_54,account.data_account_type_other_income,0,
z0bug.coa_540740,540740,"Incr. Val. da manuten.ne riparaz.ne, ammodernamento",z0bug.coa_54,account.data_account_type_other_income,0,
z0bug.coa_540750,540750,"Incr. Val. da manuten.ne riparaz.ne, su beni di terzi",z0bug.coa_54,account.data_account_type_other_income,0,
z0bug.coa_541100,541100,Rivalorizzazione Terreni e Fabbricati,z0bug.coa_54,account.data_account_type_other_income,0,
z0bug.coa_541180,541180,Rivalorizzazione Fabbricati industriali,z0bug.coa_54,account.data_account_type_other_income,0,
z0bug.coa_541200,541200,Rivalorizzazione Impianti  e Macchinari,z0bug.coa_54,account.data_account_type_other_income,0,
z0bug.coa_541300,541300,Rival. Attrezzature Industriali e Commerciali,z0bug.coa_54,account.data_account_type_other_income,0,
z0bug.coa_541320,541320,Rival. Attrezzature Varie e Minute,z0bug.coa_54,account.data_account_type_other_income,0,
z0bug.coa_541340,541340,Rivalorizzazione Automezzi,z0bug.coa_54,account.data_account_type_other_income,0,
z0bug.coa_541380,541380,Rival. Macchine Ufficio Elettroniche,z0bug.coa_54,account.data_account_type_other_income,0,
z0bug.coa_541390,541390,Rival. Mobili e Arredi Uffcio,z0bug.coa_54,account.data_account_type_other_income,0,
z0bug.coa_541510,541510,Inc.su immobili.ni materiali,z0bug.coa_54,account.data_account_type_other_income,0,
z0bug.coa_55,55,RICAVI E PROVENTI DIVERSI,,account.data_account_type_other_income,0,
z0bug.coa_550070,550070,Autofatture,z0bug.coa_55,account.data_account_type_other_income,0,
z0bug.coa_550110,550110,Contributi statali,z0bug.coa_55,account.data_account_type_other_income,0,
z0bug.coa_550120,550120,Contributi regionali,z0bug.coa_55,account.data_account_type_other_income,0,
z0bug.coa_550210,550210,Prov. da partec. in imprese controllate,z0bug.coa_55,account.data_account_type_other_income,0,
z0bug.coa_550220,550220,Prov. da partec. in imprese collegate,z0bug.coa_55,account.data_account_type_other_income,0,
z0bug.coa_550230,550230,Prov. da partec. in altre imprese,z0bug.coa_55,account.data_account_type_other_income,0,
z0bug.coa_550510,550510,Fitti attivi,z0bug.coa_55,account.data_account_type_other_income,0,
z0bug.coa_550520,550520,Proventi vari,z0bug.coa_55,account.data_account_type_other_income,0,
z0bug.coa_550530,550530,Arrotondamenti attivi,z0bug.coa_55,account.data_account_type_other_income,0,
z0bug.coa_550540,550540,Plusvalenze ordinarie diverse,z0bug.coa_55,account.data_account_type_other_income,0,
z0bug.coa_550550,550550,Sopravvenienze attive ordinarie diverse,z0bug.coa_55,account.data_account_type_other_income,0,
z0bug.coa_550560,550560,Insussistenze attive ordinarie diverse,z0bug.coa_55,account.data_account_type_other_income,0,
z0bug.coa_61,61,COSTO DEL VENDUTO,,account.data_account_type_other_income,0,
z0bug.coa_610100,610100,Acq. Merce,z0bug.coa_61,account.data_account_type_expenses,0,
z0bug.coa_610110,610110,Acq. Materie prime,z0bug.coa_61,account.data_account_type_expenses,0,
z0bug.coa_610140,610140,Acq. Imballaggi,z0bug.coa_61,account.data_account_type_expenses,0,
z0bug.coa_610200,610200,Acq. Materiali di consumo,z0bug.coa_61,account.data_account_type_expenses,0,
z0bug.coa_610250,610250,Acq. Semilavorati,z0bug.coa_61,account.data_account_type_expenses,0,
z0bug.coa_610300,610300,Acq. Attrezzatura varia e minuta,z0bug.coa_61,account.data_account_type_expenses,0,
z0bug.coa_610400,610400,Costi Merce c/apporti,z0bug.coa_61,account.data_account_type_expenses,0,
z0bug.coa_610500,610500,Resi su acquisti,z0bug.coa_61,account.data_account_type_expenses,0,
z0bug.coa_62,62,COSTI PER SERVIZI,,account.data_account_type_other_income,0,
z0bug.coa_620300,620300,Noleggi vari,z0bug.coa_62,account.data_account_type_expenses,0,
z0bug.coa_621110,621110,Spese accessorie su Acquisti,z0bug.coa_62,account.data_account_type_expenses,0,
z0bug.coa_621120,621120,Spese di Incasso,z0bug.coa_62,account.data_account_type_expenses,0,
z0bug.coa_621130,621130,Costi per produzione beni e servizi,z0bug.coa_62,account.data_account_type_expenses,0,
z0bug.coa_621140,621140,Acq. Merci e Oggettistica Esposizione,z0bug.coa_62,account.data_account_type_expenses,0,
z0bug.coa_621200,621200,Lavorazioni esterne,z0bug.coa_62,account.data_account_type_expenses,0,
z0bug.coa_621210,621210,Costi per Prestazione di servizi,z0bug.coa_62,account.data_account_type_expenses,0,
z0bug.coa_621220,621220,Costi Materiali per pulizie,z0bug.coa_62,account.data_account_type_expenses,0,
z0bug.coa_621250,621250,Costi Mat. per manutenzione e riparazione,z0bug.coa_62,account.data_account_type_expenses,0,
z0bug.coa_621300,621300,Gestione Veicoli Aziendali,z0bug.coa_62,account.data_account_type_expenses,0,
z0bug.coa_621310,621310,Acquisto carburanti e lubrificanti,z0bug.coa_62,account.data_account_type_expenses,0,
z0bug.coa_621320,621320,Pedaggi autostradali,z0bug.coa_62,account.data_account_type_expenses,0,
z0bug.coa_621330,621330,Pedaggi autostradali ded.20%,z0bug.coa_62,account.data_account_type_expenses,0,
z0bug.coa_621340,621340,Costi di trasporto e spedizione,z0bug.coa_62,account.data_account_type_expenses,0,
z0bug.coa_621350,621350,Costi x servizi doganali e importazione,z0bug.coa_62,account.data_account_type_expenses,0,
z0bug.coa_621400,621400,Costi per imballaggi e magazzinaggio,z0bug.coa_62,account.data_account_type_expenses,0,
z0bug.coa_621410,621410,Facchinaggio e manovalanza,z0bug.coa_62,account.data_account_type_expenses,0,
z0bug.coa_621500,621500,Spese per buoni pasto,z0bug.coa_62,account.data_account_type_expenses,0,
z0bug.coa_621510,621510,Prodotti mensa aziendale,z0bug.coa_62,account.data_account_type_expenses,0,
z0bug.coa_621520,621520,Acq. Indumenti di lavoro,z0bug.coa_62,account.data_account_type_expenses,0,
z0bug.coa_621530,621530,Rimb. Spese a Dipendenti,z0bug.coa_62,account.data_account_type_expenses,0,
z0bug.coa_621550,621550,Servizi e consulenze paghe,z0bug.coa_62,account.data_account_type_expenses,0,
z0bug.coa_621600,621600,Provvigioni ad intermediari,z0bug.coa_62,account.data_account_type_expenses,0,
z0bug.coa_621610,621610,Provvigioni occasionali,z0bug.coa_62,account.data_account_type_expenses,0,
z0bug.coa_621620,621620,Provvigioni passive e spese d'incasso,z0bug.coa_62,account.data_account_type_expenses,0,
z0bug.coa_621630,621630,Enasarco a ns. carico,z0bug.coa_62,account.data_account_type_expenses,0,
z0bug.coa_621640,621640,F.I.R.R.,z0bug.coa_62,account.data_account_type_expenses,0,
z0bug.coa_622100,622100,Sp. energia elettrica Prod.,z0bug.coa_62,account.data_account_type_expenses,0,
z0bug.coa_622110,622110,Sp. per acquisto gas Prod.,z0bug.coa_62,account.data_account_type_expenses,0,
z0bug.coa_622120,622120,Sp. di riscaldamento Prod.,z0bug.coa_62,account.data_account_type_expenses,0,
z0bug.coa_622130,622130,Acq. Carb. Riscaldamento Prod.,z0bug.coa_62,account.data_account_type_expenses,0,
z0bug.coa_622200,622200,Costi Utensileria e materiali di consumo,z0bug.coa_62,account.data_account_type_expenses,0,
z0bug.coa_622210,622210,Costi per Analisi e Prove Laboratorio,z0bug.coa_62,account.data_account_type_expenses,0,
z0bug.coa_623100,623100,Spese condominiali,z0bug.coa_62,account.data_account_type_expenses,0,
z0bug.coa_623110,623110,Manutenzione esterna fabbricati,z0bug.coa_62,account.data_account_type_expenses,0,
z0bug.coa_623120,623120,Canoni per servizi,z0bug.coa_62,account.data_account_type_expenses,0,
z0bug.coa_623130,623130,Spese di assicurazione per veicoli,z0bug.coa_62,account.data_account_type_expenses,0,
z0bug.coa_623140,623140,Assicurazione auto ded. 20%,z0bug.coa_62,account.data_account_type_expenses,0,
z0bug.coa_623200,623200,Canoni di locazione,z0bug.coa_62,account.data_account_type_expenses,0,
z0bug.coa_623210,623210,Servizi di Vigilanza,z0bug.coa_62,account.data_account_type_expenses,0,
z0bug.coa_623300,623300,Manutenz. e riparazione (beni propri),z0bug.coa_62,account.data_account_type_expenses,0,
z0bug.coa_623310,623310,Manutenz. e riparazione (beni terzi),z0bug.coa_62,account.data_account_type_expenses,0,
z0bug.coa_623320,623320,Canoni assistenza tecnica,z0bug.coa_62,account.data_account_type_expenses,0,
z0bug.coa_623330,623330,Manutenz. e riparazione veicoli,z0bug.coa_62,account.data_account_type_expenses,0,
z0bug.coa_623340,623340,Manutenz. e riparazione ded. 50%,z0bug.coa_62,account.data_account_type_expenses,0,
z0bug.coa_623350,623350,Costi di riparazione e manutenzione,z0bug.coa_62,account.data_account_type_expenses,0,
z0bug.coa_623400,623400,Servizi commerciali e amministrative,z0bug.coa_62,account.data_account_type_expenses,0,
z0bug.coa_623410,623410,Royalties Diritti d'Autore e brevetti,z0bug.coa_62,account.data_account_type_expenses,0,
z0bug.coa_623420,623420,Compensi per Onorari,z0bug.coa_62,account.data_account_type_expenses,0,
z0bug.coa_623430,623430,Rimborsi spese Professionisti,z0bug.coa_62,account.data_account_type_expenses,0,
z0bug.coa_623440,623440,Compensi a terzi prof.sti sogg. R.A.,z0bug.coa_62,account.data_account_type_expenses,0,
z0bug.coa_623450,623450,Servizi e consulenze contabili,z0bug.coa_62,account.data_account_type_expenses,0,
z0bug.coa_623460,623460,Spese legali e notarili,z0bug.coa_62,account.data_account_type_expenses,0,
z0bug.coa_623470,623470,Servizi e consulenze paghe,z0bug.coa_62,account.data_account_type_expenses,0,
z0bug.coa_623490,623490,Consulenze varie,z0bug.coa_62,account.data_account_type_expenses,0,
z0bug.coa_623500,623500,Consulenza Commerciali e Marketing,z0bug.coa_62,account.data_account_type_expenses,0,
z0bug.coa_623510,623510,Incentivi di vendita,z0bug.coa_62,account.data_account_type_expenses,0,
z0bug.coa_623520,623520,Spese per Omaggi Sup. 50 Euro,z0bug.coa_62,account.data_account_type_expenses,0,
z0bug.coa_623530,623530,Spese per Omaggi Inf. 50 Euro,z0bug.coa_62,account.data_account_type_expenses,0,
z0bug.coa_623550,623550,Costi Materiale pubblicitario,z0bug.coa_62,account.data_account_type_expenses,0,
z0bug.coa_623560,623560,Pubbliche relazioni,z0bug.coa_62,account.data_account_type_expenses,0,
z0bug.coa_623570,623570,Mostre e fiere,z0bug.coa_62,account.data_account_type_expenses,0,
z0bug.coa_623580,623580,Costi pubblicitari,z0bug.coa_62,account.data_account_type_expenses,0,
z0bug.coa_623590,623590,"Spese rappresentanza (alberghi,ristoranti,taxi)",z0bug.coa_62,account.data_account_type_expenses,0,
z0bug.coa_623600,623600,Aggiornamenti e Programmi Software,z0bug.coa_62,account.data_account_type_expenses,0,
z0bug.coa_625010,625010,Spese telefoniche ded. 50% (mobile),z0bug.coa_62,account.data_account_type_expenses,0,
z0bug.coa_625020,625020,Spese telefoniche ded. 80% (fissa),z0bug.coa_62,account.data_account_type_expenses,0,
z0bug.coa_625030,625030,Costi assicurativi per ufficio,z0bug.coa_62,account.data_account_type_expenses,0,
z0bug.coa_625040,625040,Cancelleria e Stampati,z0bug.coa_62,account.data_account_type_expenses,0,
z0bug.coa_625050,625050,"Spese pulizia,acqua e manutenz.locali",z0bug.coa_62,account.data_account_type_expenses,0,
z0bug.coa_625060,625060,Spese postali,z0bug.coa_62,account.data_account_type_expenses,0,
z0bug.coa_625070,625070,Spese x valori bollati e francobolli,z0bug.coa_62,account.data_account_type_expenses,0,
z0bug.coa_625080,625080,Abbonamenti a giornali e riviste,z0bug.coa_62,account.data_account_type_expenses,0,
z0bug.coa_625100,625100,Energia Elettrica,z0bug.coa_62,account.data_account_type_expenses,0,
z0bug.coa_625120,625120,Riscaldamento Uffici,z0bug.coa_62,account.data_account_type_expenses,0,
z0bug.coa_625150,625150,Altre spese Giustificate,z0bug.coa_62,account.data_account_type_expenses,0,
z0bug.coa_625160,625160,Spese di contenzioso e recupero crediti,z0bug.coa_62,account.data_account_type_expenses,0,
z0bug.coa_625170,625170,Altri costi giustificati,z0bug.coa_62,account.data_account_type_expenses,0,
z0bug.coa_625180,625180,"Beni non ammortizzabili < 516,45 €",z0bug.coa_62,account.data_account_type_expenses,0,
z0bug.coa_625190,625190,Altri costi per servizi,z0bug.coa_62,account.data_account_type_expenses,0,
z0bug.coa_626020,626020,Sconti e abbuoni passivi,z0bug.coa_62,account.data_account_type_expenses,0,
z0bug.coa_626030,626030,Rettifiche su costi,z0bug.coa_62,account.data_account_type_expenses,0,
z0bug.coa_627000,627000,Compensi organi sociali,z0bug.coa_62,account.data_account_type_expenses,0,
z0bug.coa_627010,627010,Compensi Amministratore,z0bug.coa_62,account.data_account_type_expenses,0,
z0bug.coa_627020,627020,Rimborsi e Trasferte Amministratore,z0bug.coa_62,account.data_account_type_expenses,0,
z0bug.coa_627030,627030,Contr. INPS Amministratore,z0bug.coa_62,account.data_account_type_expenses,0,
z0bug.coa_63,63,COSTI PER GODIMENTO BENI DI TERZI,,account.data_account_type_expenses,0,
z0bug.coa_630100,630100,Canoni di locazione passivi,z0bug.coa_63,account.data_account_type_expenses,0,
z0bug.coa_630200,630200,Canoni di locazione leasing,z0bug.coa_63,account.data_account_type_expenses,0,
z0bug.coa_64,64,COSTI PER IL PERSONALE,,account.data_account_type_expenses,0,
z0bug.coa_640910,640910,Salari e stipendi,z0bug.coa_64,account.data_account_type_expenses,0,
z0bug.coa_640920,640920,Oneri sociali per il personale,z0bug.coa_64,account.data_account_type_expenses,0,
z0bug.coa_640930,640930,TFR: trattamento di fine rapporto,z0bug.coa_64,account.data_account_type_expenses,0,
z0bug.coa_640940,640940,Trattamento di quiescenza,z0bug.coa_64,account.data_account_type_expenses,0,
z0bug.coa_640950,640950,Altri costi per il personale,z0bug.coa_64,account.data_account_type_expenses,0,
z0bug.coa_640960,640960,Premio INAIL,z0bug.coa_64,account.data_account_type_expenses,0,
z0bug.coa_640970,640970,Quota TFR destinata a fondi previdenziali,z0bug.coa_64,account.data_account_type_expenses,0,
z0bug.coa_640980,640980,Oneri per assistenza sanitaria,z0bug.coa_64,account.data_account_type_expenses,0,
z0bug.coa_640990,640990,"Ricerca, formazione e addestramento",z0bug.coa_64,account.data_account_type_expenses,0,
z0bug.coa_65,65,AMMORTAMENTI,,account.data_account_type_expenses,0,
z0bug.coa_651,651,AMMORTAMENTI IMMOBILIZZAZIONI IMMATERIALI,65,account.data_account_type_expenses,0,
z0bug.coa_651100,651100,QA Costi di Impianto e di Ampliamento,z0bug.coa_651,account.data_account_type_expenses,0,
z0bug.coa_651110,651110,QA Costituzione Società,z0bug.coa_651,account.data_account_type_expenses,0,
z0bug.coa_651120,651120,QA Modifica Statuto Sociale,z0bug.coa_651,account.data_account_type_expenses,0,
z0bug.coa_651130,651130,QA Avviamento impianti e Produzione,z0bug.coa_651,account.data_account_type_expenses,0,
z0bug.coa_651140,651140,QA Trasformazione Società,z0bug.coa_651,account.data_account_type_expenses,0,
z0bug.coa_651150,651150,QA Spese Ristrutturaz. in Economia,z0bug.coa_651,account.data_account_type_expenses,0,
z0bug.coa_651200,651200,QA Ricerca Sviluppo e Pubblicità,z0bug.coa_651,account.data_account_type_expenses,0,
z0bug.coa_651210,651210,QA Costi di ricerca e sviluppo,z0bug.coa_651,account.data_account_type_expenses,0,
z0bug.coa_651220,651220,QA Costi di Pubblicità,z0bug.coa_651,account.data_account_type_expenses,0,
z0bug.coa_651300,651300,QA Costi di brevetto industriale e diritti su opere dell'ingegno,z0bug.coa_651,account.data_account_type_expenses,0,
z0bug.coa_651310,651310,QA Brevetti,z0bug.coa_651,account.data_account_type_expenses,0,
z0bug.coa_651320,651320,QA Diritti su Opere dell'Ingegno,z0bug.coa_651,account.data_account_type_expenses,0,
z0bug.coa_651330,651330,QA Diritti su Programmi Software,z0bug.coa_651,account.data_account_type_expenses,0,
z0bug.coa_651400,651400,"QA Concessione licenze, marchi e simili",z0bug.coa_651,account.data_account_type_expenses,0,
z0bug.coa_651410,651410,QA Concessioni,z0bug.coa_651,account.data_account_type_expenses,0,
z0bug.coa_651420,651420,QA Licenze,z0bug.coa_651,account.data_account_type_expenses,0,
z0bug.coa_651430,651430,QA Marchi di fabbrica,z0bug.coa_651,account.data_account_type_expenses,0,
z0bug.coa_651440,651440,QA Programmi Software e Licenze,z0bug.coa_651,account.data_account_type_expenses,0,
z0bug.coa_651500,651500,QA Costi di Avviamento,z0bug.coa_651,account.data_account_type_expenses,0,
z0bug.coa_651510,651510,QA Avviamento,z0bug.coa_651,account.data_account_type_expenses,0,
z0bug.coa_651600,651600,QA Immobilizzazioni imm.li in corso e acconti,z0bug.coa_651,account.data_account_type_expenses,0,
z0bug.coa_651620,651620,QA Acconti a Fornitori su Immobilizzazioni,z0bug.coa_651,account.data_account_type_expenses,0,
z0bug.coa_651630,651630,QA Caparre su Immobilizzazioni,z0bug.coa_651,account.data_account_type_expenses,0,
z0bug.coa_651640,651640,QA Altre immobilizzazioni immateriali,z0bug.coa_651,account.data_account_type_expenses,0,
z0bug.coa_651700,651700,QA Altre Immobilizzazioni,z0bug.coa_651,account.data_account_type_expenses,0,
z0bug.coa_651710,651710,QA Indennità Perdita Avviamento,z0bug.coa_651,account.data_account_type_expenses,0,
z0bug.coa_651720,651720,QA Costi Plur.li su Beni di Terzi,z0bug.coa_651,account.data_account_type_expenses,0,
z0bug.coa_651730,651730,QA Altri costi  Pluriennali,z0bug.coa_651,account.data_account_type_expenses,0,
z0bug.coa_651740,651740,QA Spese Manut.da Ammortiz.su Beni di Proprietà,z0bug.coa_651,account.data_account_type_expenses,0,
z0bug.coa_651750,651750,QA Spese di Manutenzione su beni di Terzi,z0bug.coa_651,account.data_account_type_expenses,0,
z0bug.coa_652,652,AMMORTAMENTI IMMOBILIZZAZIONI MATERIALI,65,account.data_account_type_expenses,0,
z0bug.coa_652100,652100,QA Terreni e Fabbricati,z0bug.coa_652,account.data_account_type_expenses,0,
z0bug.coa_652110,652110,QA Terreni senza Costruzioni,z0bug.coa_652,account.data_account_type_expenses,0,
z0bug.coa_652120,652120,QA Terreni ad Util.ne Industriale,z0bug.coa_652,account.data_account_type_expenses,0,
z0bug.coa_652130,652130,QA Terreni ad Util.ne Agricola,z0bug.coa_652,account.data_account_type_expenses,0,
z0bug.coa_652140,652140,QA Terreni da Costruzione,z0bug.coa_652,account.data_account_type_expenses,0,
z0bug.coa_652150,652150,QA Altri terreni,z0bug.coa_652,account.data_account_type_expenses,0,
z0bug.coa_652160,652160,QA Fabbricati,z0bug.coa_652,account.data_account_type_expenses,0,
z0bug.coa_652170,652170,QA Fabb.ti Indust.li e Infrastrutture,z0bug.coa_652,account.data_account_type_expenses,0,
z0bug.coa_652180,652180,QA Fabbricati Industriali,z0bug.coa_652,account.data_account_type_expenses,0,
z0bug.coa_652200,652200,QA Impianti  e Macchinari,z0bug.coa_652,account.data_account_type_expenses,0,
z0bug.coa_652210,652210,QA Impianti generici vari,z0bug.coa_652,account.data_account_type_expenses,0,
z0bug.coa_652220,652220,QA Impianti Specifici,z0bug.coa_652,account.data_account_type_expenses,0,
z0bug.coa_652230,652230,QA Macchinari Operatori e Impianti,z0bug.coa_652,account.data_account_type_expenses,0,
z0bug.coa_652240,652240,QA Impianti Generali,z0bug.coa_652,account.data_account_type_expenses,0,
z0bug.coa_652300,652300,QA Attrezzature Industriali e Commerciali,z0bug.coa_652,account.data_account_type_expenses,0,
z0bug.coa_652310,652310,QA Attrezzatura,z0bug.coa_652,account.data_account_type_expenses,0,
z0bug.coa_652320,652320,QA Attrezzature Varie e Minute,z0bug.coa_652,account.data_account_type_expenses,0,
z0bug.coa_652330,652330,QA Autovetture,z0bug.coa_652,account.data_account_type_expenses,0,
z0bug.coa_652340,652340,QA Automezzi,z0bug.coa_652,account.data_account_type_expenses,0,
z0bug.coa_652350,652350,QA Mezzi di Trasporto Interni,z0bug.coa_652,account.data_account_type_expenses,0,
z0bug.coa_652360,652360,QA Imballaggi durevoli da riutilizzare,z0bug.coa_652,account.data_account_type_expenses,0,
z0bug.coa_652370,652370,QA Macchine Ufficio Ordinarie,z0bug.coa_652,account.data_account_type_expenses,0,
z0bug.coa_652380,652380,QA Macchine Ufficio Elettroniche,z0bug.coa_652,account.data_account_type_expenses,0,
z0bug.coa_652382,652382,QA Telefono Cellulare,z0bug.coa_652,account.data_account_type_expenses,0,
z0bug.coa_652390,652390,QA Mobili e Arredi Uffcio,z0bug.coa_652,account.data_account_type_expenses,0,
z0bug.coa_652400,652400,QA Altri Beni,z0bug.coa_652,account.data_account_type_expenses,0,
z0bug.coa_652410,652410,QA Beni in Concessione,z0bug.coa_652,account.data_account_type_expenses,0,
z0bug.coa_652420,652420,QA Beni Gratuitamente Devolvibili,z0bug.coa_652,account.data_account_type_expenses,0,
z0bug.coa_652430,652430,QA Altri Beni Materiali,z0bug.coa_652,account.data_account_type_expenses,0,
z0bug.coa_652500,652500,QA Immoliz.ni Materiali in Corso e Acconti,z0bug.coa_652,account.data_account_type_expenses,0,
z0bug.coa_652510,652510,QA Immobil. Materiali in Corso,z0bug.coa_652,account.data_account_type_expenses,0,
z0bug.coa_652520,652520,QA Acconti a Fornitori su Acquisti,z0bug.coa_652,account.data_account_type_expenses,0,
z0bug.coa_66,66,SVALUTAZIONI,,account.data_account_type_expenses,0,
z0bug.coa_661010,661010,Svalutazioni immobilizzazioni immateriali,z0bug.coa_66,account.data_account_type_expenses,0,
z0bug.coa_661020,661020,Svalutazioni immobilizzazioni materiali,z0bug.coa_66,account.data_account_type_expenses,0,
z0bug.coa_661030,661030,Svalutazione crediti,z0bug.coa_66,account.data_account_type_expenses,0,
z0bug.coa_67,67,VARIAZIONI RIMANENZE,,account.data_account_type_expenses,0,
z0bug.coa_671010,671010,Variazioni materie prime,z0bug.coa_67,account.data_account_type_expenses,0,
z0bug.coa_671020,671020,Variazioni materiale di consumo,z0bug.coa_67,account.data_account_type_expenses,0,
z0bug.coa_68,68,ACCANTONAMENTI,,account.data_account_type_expenses,0,
z0bug.coa_681,681,ACCANTONAMENTI PER RISCHI,68,account.data_account_type_expenses,0,
z0bug.coa_681010,681010,Accantonamento per responsabilità civile,z0bug.coa_681,account.data_account_type_expenses,0,
z0bug.coa_682,682,ALTRI ACCANTONAMENTI,68,account.data_account_type_expenses,0,
z0bug.coa_682010,682010,Accantonamento per spese future,z0bug.coa_682,account.data_account_type_expenses,0,
z0bug.coa_682020,682020,Accantonamento per manutenzioni programmate,z0bug.coa_682,account.data_account_type_expenses,0,
z0bug.coa_69,69,ONERI DIVERSI DI GESTIONE,,account.data_account_type_expenses,0,
z0bug.coa_691000,691000,Imposte e tasse di esercizio,z0bug.coa_69,account.data_account_type_expenses,0,
z0bug.coa_691100,691100,Tassa Conc. Governativa,z0bug.coa_69,account.data_account_type_expenses,0,
z0bug.coa_691200,691200,Tasse comunali,z0bug.coa_69,account.data_account_type_expenses,0,
z0bug.coa_691210,691210,Tassa sui rifiuti,z0bug.coa_69,account.data_account_type_expenses,0,
z0bug.coa_691220,691220,Tassa occupazione suolo pubblico,z0bug.coa_69,account.data_account_type_expenses,0,
z0bug.coa_691230,691230,Tass partecipazione a fiere,z0bug.coa_69,account.data_account_type_expenses,0,
z0bug.coa_691300,691300,Oneri fiscali diversi,z0bug.coa_69,account.data_account_type_expenses,0,
z0bug.coa_691320,691320,Registraz. Contratti di locazione,z0bug.coa_69,account.data_account_type_expenses,0,
z0bug.coa_691350,691350,Tassa di possesso automezzi,z0bug.coa_69,account.data_account_type_expenses,0,
z0bug.coa_691360,691360,Imposta di registro,z0bug.coa_69,account.data_account_type_expenses,0,
z0bug.coa_691400,691400,Imposte e tasse diverse,z0bug.coa_69,account.data_account_type_expenses,0,
z0bug.coa_691500,691500,Valori bollati,z0bug.coa_69,account.data_account_type_expenses,0,
z0bug.coa_691510,691510,Vidimazione libri sociali,z0bug.coa_69,account.data_account_type_expenses,0,
z0bug.coa_691600,691600,Contributi associazioni,z0bug.coa_69,account.data_account_type_expenses,0,
z0bug.coa_691610,691610,Commissioni su Buoni Pasto,z0bug.coa_69,account.data_account_type_expenses,0,
z0bug.coa_691700,691700,Diritto annuale CCIAA,z0bug.coa_69,account.data_account_type_expenses,0,
z0bug.coa_691710,691710,Costo diritti SIAE,z0bug.coa_69,account.data_account_type_expenses,0,
z0bug.coa_691720,691720,Abbonamento RAI,z0bug.coa_69,account.data_account_type_expenses,0,
z0bug.coa_691900,691900,Multe e ammende,z0bug.coa_69,account.data_account_type_expenses,0,
z0bug.coa_698010,698010,Perdite su crediti,z0bug.coa_69,account.data_account_type_expenses,0,
z0bug.coa_698020,698020,Arrotondamenti passivi,z0bug.coa_69,account.data_account_type_expenses,0,
z0bug.coa_698030,698030,Minusvalenze ordinarie diverse,z0bug.coa_69,account.data_account_type_expenses,0,
z0bug.coa_698040,698040,Sopravvenienze passive ordinarie diverse,z0bug.coa_69,account.data_account_type_expenses,0,
z0bug.coa_698050,698050,Insussistenze passive ordinarie diverse,z0bug.coa_69,account.data_account_type_expenses,0,
z0bug.coa_699000,699000,Oneri vari,z0bug.coa_69,account.data_account_type_expenses,0,
z0bug.coa_71,71,PROVENTI DA PARTECIPAZIONI,,account.data_account_type_expenses,0,
z0bug.coa_710151,710151,Proventi da partecipazione,z0bug.coa_71,account.data_account_type_other_income,0,
z0bug.coa_72,72,ALTRI PROVENTI FINANZIARI,,account.data_account_type_expenses,0,
z0bug.coa_720161,720161,Crediti iscritti nelle immobilizzazioni,z0bug.coa_72,account.data_account_type_other_income,0,
z0bug.coa_720162,720162,Crediti da tit. iscritti nelle  immobiliz. che non costituiscono partecipaz.,z0bug.coa_72,account.data_account_type_other_income,0,
z0bug.coa_720163,720163,Crediti da tit. iscritti  nell'attivo circolante che non costituiscono partecipaz.,z0bug.coa_72,account.data_account_type_other_income,0,
z0bug.coa_720164,720164,Crediti da proventi finanziari diversi,z0bug.coa_72,account.data_account_type_other_income,0,
z0bug.coa_73,73,INTERESSI E ALTRI ONERI FINANZIARI,,account.data_account_type_expenses,0,
z0bug.coa_730100,730100,Interessi e altri oneri finanziari da imprese controllate,z0bug.coa_73,account.data_account_type_expenses,0,
z0bug.coa_730200,730200,Interessi e altri oneri finanziari da imprese collegate,z0bug.coa_73,account.data_account_type_expenses,0,
z0bug.coa_730300,730300,Interessi e altri oneri finanziari da imprese controllanti,z0bug.coa_73,account.data_account_type_expenses,0,
z0bug.coa_730400,730400,Interessi e altri oneri finanziari da altre imprese,z0bug.coa_73,account.data_account_type_expenses,0,
z0bug.coa_731000,731000,Interessi e oneri finanziari su finanz. Clienti,z0bug.coa_73,account.data_account_type_expenses,0,
z0bug.coa_731010,731010,Interessi passivi verso fornitori o altri,z0bug.coa_73,account.data_account_type_expenses,0,
z0bug.coa_731100,731100,Interessi e oneri finanziari bancari,z0bug.coa_73,account.data_account_type_expenses,0,
z0bug.coa_731110,731110,Interessi passivi su Mutui Ipotecari,z0bug.coa_73,account.data_account_type_expenses,0,
z0bug.coa_731120,731120,Interessi passivi verso banche,z0bug.coa_73,account.data_account_type_expenses,0,
z0bug.coa_731130,731130,Interessi passivi c/c bancari,z0bug.coa_73,account.data_account_type_expenses,0,
z0bug.coa_731140,731140,Spese e commissioni bancarie,z0bug.coa_73,account.data_account_type_expenses,0,
z0bug.coa_83,83,RETTIFICHE DI VALORE:  RIVALUTAZIONI,,account.data_account_type_expenses,0,
z0bug.coa_831000,831000,Rivalutazioni da partecipazioni,z0bug.coa_83,account.data_account_type_other_income,0,
z0bug.coa_832000,832000,Rivalutazioni di immobilizzazioni finanziarie,z0bug.coa_83,account.data_account_type_other_income,0,
z0bug.coa_833000,833000,Rivalutaz. da titoli in att. Circ. senza partecipaz.,z0bug.coa_83,account.data_account_type_other_income,0,
z0bug.coa_84,84,RETTIFICHE DI VALORE: SVALUTAZIONI,,account.data_account_type_expenses,0,
z0bug.coa_841000,841000,Svalutazioni da partecipazioni,z0bug.coa_84,account.data_account_type_expenses,0,
z0bug.coa_842000,842000,Svalutazioni di immobilizzazioni finanziarie,z0bug.coa_84,account.data_account_type_expenses,0,
z0bug.coa_843000,843000,Svalutazioni da titoli in att. Circ. senza partecipaz.,z0bug.coa_84,account.data_account_type_expenses,0,
z0bug.coa_85,85,PROVENTI STRAORDINARI,,account.data_account_type_expenses,0,
z0bug.coa_851000,851000,Plusvalenze da alienazioni,z0bug.coa_85,account.data_account_type_other_income,0,
z0bug.coa_851010,851010,Plusvalenze da alienazioni eserc. precedenti,z0bug.coa_85,account.data_account_type_other_income,0,
z0bug.coa_851020,851020,Plusvalenze straordinarie,z0bug.coa_85,account.data_account_type_other_income,0,
z0bug.coa_851030,851030,Plusvalenze da terreni e fabbricati,z0bug.coa_85,account.data_account_type_other_income,0,
z0bug.coa_851040,851040,Plusvalenze da attrezzature,z0bug.coa_85,account.data_account_type_other_income,0,
z0bug.coa_851050,851050,Plusvalenze da cessione titoli,z0bug.coa_85,account.data_account_type_other_income,0,
z0bug.coa_851060,851060,Plusvalenze da partecipazioni,z0bug.coa_85,account.data_account_type_other_income,0,
z0bug.coa_851100,851100,"Sopravvenuta insussistenza di oneri,spese e passiv.",z0bug.coa_85,account.data_account_type_other_income,0,
z0bug.coa_851110,851110,Insussistenze attive straordinarie,z0bug.coa_85,account.data_account_type_other_income,0,
z0bug.coa_851150,851150,Incasso da credito considerato inesigibile,z0bug.coa_85,account.data_account_type_other_income,0,
z0bug.coa_852000,852000,Indennità di risarcimento assicurativo,z0bug.coa_85,account.data_account_type_other_income,0,
z0bug.coa_852040,852040,Sopravvenienze attive straordinarie,z0bug.coa_85,account.data_account_type_other_income,0,
z0bug.coa_852050,852050,Fatture emesse > da accertare,z0bug.coa_85,account.data_account_type_other_income,0,
z0bug.coa_852060,852060,Contributi in conto capitale,z0bug.coa_85,account.data_account_type_other_income,0,
z0bug.coa_852090,852090,Altre liberalità,z0bug.coa_85,account.data_account_type_other_income,0,
z0bug.coa_86,86,ONERI STRAORDINARI,,account.data_account_type_expenses,0,
z0bug.coa_860211,860211,Minusvalenze da alienazioni eserc. Precedenti,z0bug.coa_86,account.data_account_type_expenses,0,
z0bug.coa_860212,860212,Minusvalenze straordinarie,z0bug.coa_86,account.data_account_type_expenses,0,
z0bug.coa_860213,860213,Sopravvenienze passive straordinarie,z0bug.coa_86,account.data_account_type_expenses,0,
z0bug.coa_860214,860214,Insussistenze passive straordinarie,z0bug.coa_86,account.data_account_type_expenses,0,
z0bug.coa_860215,860215,Imposte esercizi precedenti,z0bug.coa_86,account.data_account_type_expenses,0,
z0bug.coa_87,87,ALTRI ONERI,,account.data_account_type_expenses,0,
z0bug.coa_870220,870220,Imposte dell'esercizio,z0bug.coa_87,account.data_account_type_expenses,0,
z0bug.coa_870230,870230,Risultato economico di esercizio,z0bug.coa_87,account.data_account_type_expenses,0,
z0bug.coa_870240,870240,Risultato economico di esercizio,z0bug.coa_87,account.data_account_type_expenses,0,
z0bug.coa_88,88,ACCANTONAMENTI DA NORME TRIBUTARIE,,account.data_account_type_expenses,0,
z0bug.coa_880250,880250,Altri accantonamenti da norme tributarie,z0bug.coa_88,account.data_account_type_expenses,0,
z0bug.coa_880260,880260,Utile da esercizio precedente,z0bug.coa_88,account.data_account_type_expenses,0,
z0bug.coa_880270,880270,Perdita da esercizio precedente,z0bug.coa_88,account.data_account_type_expenses,0,
z0bug.coa_999999,999999,Utili/perdite non distribuiti,z0bug.coa_88,account.data_unaffected_earnings,0,
