"id","name","street","zip","city","state_id","property_account_position","active","customer","fiscalcode","is_company","email","phone","fax","supplier","country_id","vat","website","image"
,"Amazon Web Services, Inc.","410 Terry Ave North ","98109-5210 ","Seattle ","'=${res.country.state(country_id,code):${base.us},WA}","'=${account.fiscal.position:Extra-UE}","True",,,"True",,,,"True","base.ie","IE6388047V",,
,"Amiat S.p.A.","Via Germagnano, 50","10156","Torino","=${res.country.state(country_id,code):${base.it},TO}","=${account.fiscal.position:Italia}","True",,"07309150014","True",,"+39 011 2223111","+39 011 2223323","True","base.it","IT07309150014",,
,"Aruba S.p.A.","Loc. Palazzetto, 4 ","52011","Bibbiena","=${res.country.state(country_id,code):${base.it},AR}","=${account.fiscal.position:Italia}","True",,"01573850516","True",,"+39 0575 0505","+39 0575 862000","True","base.it","IT01573850516",,"iVBORw0KGgoAAAANSUhEUgAAAEAAAABACAMAAACdt4HsAAADAFBMVEUAAAAAADMAAGYAAJkAAMwA AP8AKwAAKzMAK2YAK5kAK8wAK/8AVQAAVTMAVWYAVZkAVcwAVf8AgAAAgDMAgGYAgJkAgMwAgP8A qgAAqjMAqmYAqpkAqswAqv8A1QAA1TMA1WYA1ZkA1cwA1f8A/wAA/zMA/2YA/5kA/8wA//8zAAAz ADMzAGYzAJkzAMwzAP8zKwAzKzMzK2YzK5kzK8wzK/8zVQAzVTMzVWYzVZkzVcwzVf8zgAAzgDMz gGYzgJkzgMwzgP8zqgAzqjMzqmYzqpkzqswzqv8z1QAz1TMz1WYz1Zkz1cwz1f8z/wAz/zMz/2Yz /5kz/8wz//9mAABmADNmAGZmAJlmAMxmAP9mKwBmKzNmK2ZmK5lmK8xmK/9mVQBmVTNmVWZmVZlm VcxmVf9mgABmgDNmgGZmgJlmgMxmgP9mqgBmqjNmqmZmqplmqsxmqv9m1QBm1TNm1WZm1Zlm1cxm 1f9m/wBm/zNm/2Zm/5lm/8xm//+ZAACZADOZAGaZAJmZAMyZAP+ZKwCZKzOZK2aZK5mZK8yZK/+Z VQCZVTOZVWaZVZmZVcyZVf+ZgACZgDOZgGaZgJmZgMyZgP+ZqgCZqjOZqmaZqpmZqsyZqv+Z1QCZ 1TOZ1WaZ1ZmZ1cyZ1f+Z/wCZ/zOZ/2aZ/5mZ/8yZ///MAADMADPMAGbMAJnMAMzMAP/MKwDMKzPM K2bMK5nMK8zMK//MVQDMVTPMVWbMVZnMVczMVf/MgADMgDPMgGbMgJnMgMzMgP/MqgDMqjPMqmbM qpnMqszMqv/M1QDM1TPM1WbM1ZnM1czM1f/M/wDM/zPM/2bM/5nM/8zM////AAD/ADP/AGb/AJn/ AMz/AP//KwD/KzP/K2b/K5n/K8z/K///VQD/VTP/VWb/VZn/Vcz/Vf//gAD/gDP/gGb/gJn/gMz/ gP//qgD/qjP/qmb/qpn/qsz/qv//1QD/1TP/1Wb/1Zn/1cz/1f///wD//zP//2b//5n//8z///8A AAAAAAAAAAAAAADZ9vIoAAAGqElEQVR4nGL4TSEAAAAA//9ioNQAAAAAAP//otgAAAAAAP//otgA AAAAAP//otgAAAAAAP//otgAAAAAAP//otgAAAAAAP//otgAAAAAAP//otgAAAAAAP//otgAAAAA AP//otgAAAAAAP//otgAAAAAAP//otgAAAAAAP//otgAAAAAAP//otgAAAAAAP//otgAAAAAAP// otgAAAAAAP//otgAAAAAAP//otgAAAAAAP//otgAAAAAAP//otgAAAAAAP//otgAAAAAAP//otgA AAAAAP//otgAAAAAAP//otgAAAAAAP//YvhFoQEAAAAA//9i+EKhAQAAAAD//6LYCwAAAAD//6LY BQAAAAD//6I4DAAAAAD//6LYAAAAAAD//6LYCwAAAAD//6LYBQAAAAD//6LYBQAAAAD//6LYAAAA AAD//6LYCwAAAAD//6I4IQEAAAD//6LYAAAAAAD//6LYAAAAAAD//wIacLj196nWut+/W1v2fj3c jSJ75Nfhrzi1fv0MIgEAAAD//wK5oG5vz+GeQ4dbv7R2tx5BUfP23anDOA04/AUkBwAAAP//AhnQ HVL360hdyJ7fra0taGp+vZ2MResRkM4vn08dPvX7NwAAAP//AhlwuA6oLyTky+/uPT2/kf3w6+2X wzMx9X95+/nwl9+n3v4+DDQIAAAA///CG4hfD709hMULh059OXXo95dDvw/t/f0bAAAA///CYcDb U2Dq2ee9KC6AJFugmW/3vD385uubN4eOAAAAAP//ghlw6vfhQ8AAPP32MCgYgTZ/Obzn1O/dbw9N /nIKqhmkZA8kCA6/6Xl78u3vLxff7gEAAAD//ySOIQ4AIRDE/p+c4T2gFofjEbOquHVjLgTftH2C 7CkOKxQwXWk+yDUmQnEDDF3k/Zlub1fRfgAAAP//Agfi09+nvgBd9wYo/ebZoYtPd7991j3r6e83 e4DKvgBlDu75DbT6FFDJO7CPDgHNn5z09PfunpmnAAAAAP//Ahnw7NCep7uBanc//X1od/fTN3te f3ma8fUQ0OCnvw/v3rr799vdR3793n1/NzDowbH6DOSCU0ADgMYBAAAA//8CGbDly9buyT1ffj/d +vtZ98xZW3u2/N4yGejOt1vv/b7XPWnyqa9bJv1+tjVp99bfX8AGbP19CMjc8nsrMDgBAAAA//8C GnBk3e91M4Eh9Buo/n736d+zJt37vX4B0NGH7m15uy7zC9DCLet+b+2edWrL71MzQdl/y+/nLb+/ gLT9/g0AAAD//wIa8HnL764joMi51/p761ZgmP+6cerGlq3rft9ft/UwSM2e3/e3/L7X8+XLui8Q F2z5fXLd71/rvmwBpgMAAAAA//8Ce+Hd1i1A23/f7/r9tBsUi1+2vPv6++u9nklAq7bc33Lxy72k 31/ub7l3Cihz/+m9w1tOAa0Hoi2Tf/0GAAAA//8CGvBrzxZg6gTmGqAfn3af+g105JEtW+5t6Zl8 +D4wSg99AbprJjAWTgIj4uu9i7/3bN19/2k3KAy2HP79FQAAAP//YgCq/7oblF63fAWKgl3w9dfv mZMmJc38cmrLVlAaeLol6cgWYBR82frm1Ja3X4CW7OlOAmp4u3Xml98AAAAA//8UkqERACEQA6mV dkBRS9LAg7oiTkEHvOEMQSdiN5P06uZw52ReaG+DOPu3rYAicZTcY1BMxKwA5WM6xYc64lwAAAD/ /xSSsQ0AMAzC+v9pvQcWd6nZ4hCUxUdTJosmOfSWygTrechzjAreaLyZP1nLNfkAAAD//wKGwZdf IEu/gDDQ7l9fQVpBUiBFQLeAxL/8AgmAMhNcBkwCOQAAAAD//wKGwZeebXv2/gIZCgyuL3s//3q3 B6hlGzBegT759WUvxGig4a17wAb9BmsHuQBkHgAAAP//DJMhEoBADAM/2fegOEUVj6lKVBx/OUVV McRmJmInGyPMXjqyy4UdWo903tPxlSNQIZW/QC912QUBaOakGi+HPwAAAP//FNShAcAgDATAzb/q VaIYJupRqWKXKFBgaDc4db9gs74PZXUwIHdxrYkTHBSSZWnKZ68ZDlq3t1uxUU2BvAAAAP//FJQh EsBACAN/XnWo8B4UqqjeX66GKFRTuyY7EfufyGjvQJCYqPYDmxdTaekgXCpbSM3lnXU0vIwBuTwX PwAAAP//AhvwCwrBTBDrF5wBooD059Y9EGGwqsMwTv2eXwAAAAD//wIa8BkIweAzAkNFvsBZv2As hAyQCRQFAAAA//8DAKuP+S0/siUXAAAAAElFTkSuQmCC "
,"BT Italia S.p.A.","Via  Tucidide, 56","20134","Milano","=${res.country.state(country_id,code):${base.it},MI}","=${account.fiscal.position:Italia}","True",,"04952121004","True",,"195","800927451","True","base.it","IT04952121004","www.italia.bt.com",
,"Edison S.p.A.","Foro Bonaparte, 31","20121","Milano","=${res.country.state(country_id,code):${base.it},MI}","=${account.fiscal.position:Italia}","True",,"08263330014","True",,,,"True","base.it","IT08263330014","www.edisonenergia.it","/9j/4AAQSkZJRgABAQEAYABgAAD/2wBDAAIBAQIBAQICAgICAgICAwUDAwMDAwYEBAMFBwYHBwcGBwcICQsJCAgKCAcHCg0KCgsMDAwMBwkODw0MDgsMDAz/2wBDAQICAgMDAwYDAwYMCAcIDAwMDAwMDAwMDAwMDAwMDAwMDAwMDAwMDAwMDAwMDAwMDAwMDAwMDAwMDAwMDAwMDAz/wAARCABQAFADASIAAhEBAxEB/8QAHwAAAQUBAQEBAQEAAAAAAAAAAAECAwQFBgcICQoL/8QAtRAAAgEDAwIEAwUFBAQAAAF9AQIDAAQRBRIhMUEGE1FhByJxFDKBkaEII0KxwRVS0fAkM2JyggkKFhcYGRolJicoKSo0NTY3ODk6Q0RFRkdISUpTVFVWV1hZWmNkZWZnaGlqc3R1dnd4eXqDhIWGh4iJipKTlJWWl5iZmqKjpKWmp6ipqrKztLW2t7i5usLDxMXGx8jJytLT1NXW19jZ2uHi4+Tl5ufo6erx8vP09fb3+Pn6/8QAHwEAAwEBAQEBAQEBAQAAAAAAAAECAwQFBgcICQoL/8QAtREAAgECBAQDBAcFBAQAAQJ3AAECAxEEBSExBhJBUQdhcRMiMoEIFEKRobHBCSMzUvAVYnLRChYkNOEl8RcYGRomJygpKjU2Nzg5OkNERUZHSElKU1RVVldYWVpjZGVmZ2hpanN0dXZ3eHl6goOEhYaHiImKkpOUlZaXmJmaoqOkpaanqKmqsrO0tba3uLm6wsPExcbHyMnK0tPU1dbX2Nna4uPk5ebn6Onq8vP09fb3+Pn6/9oADAMBAAIRAxEAPwD9/KKM4ozQAUUBsmigAooooAKKKKACiiigDwP9on4reOvHXxKX4W/Ceax0rX47WO/8SeJ7uEXFv4XtZSwhVIjxJdy7HZUbgIuTgMHTznWP+CPeh+LnXUfEPxa+MWs+IlXLahJrEJAk7FFeJ3VQcYXzOMcEV75+z/4cGj3/AI+vrgZ1bWvFl3cXpYfOFSOGC2B9vskVsR7N6kk8P4p/4Ki/Afwd4uk0S8+INi97DJ5TvaWN3eWyt6efDE0Rx3IYgd8VlKMd5n5/meByatH63xJUjabahGpPkhFJ6KMXJLmtZyesrt6pJJeG23xR+KH/AATB+KOhaT8SPFF18RPg14mu1sbbxDeBmvdCmIJxIzMz4CgsUZ3DRxs0e0q0Z+70beuf5d6+Wf8Agqp4m8N+M/8AgnR4q1WG/wBN1TT7/wDs+bSru3mSaO4kN7DtaF1JDZXfkqfub+2a9r/ZY+2/8Mx/Dn+0vN/tH/hGNM+1ebnzPN+yRb92ec7s5px0biacNuWBzWvk1Ko6lBU4VafNJycFJyi4czu3H3bxu20m1dqx3lFFFaH3gUUUUAFFFFAHyz/wWC+K2o/CT9izVhpMslnP4ov4NFnuYzteKCRXeXn/AG44TEf9mQ98V81/Cb9of4P/AAH+DcPw98cfs1eLovEUVsLfUVuNCt7ybU5sfNM085imG5vmXYpCAgJwq194fta/s5ab+1b8CNc8E6lObP8AtKNZLS8EYkaxuY2DxS7TjcAwwyggsjOuRnI8H+Dvxn/aS+CHhqz8EeKPgvJ4+vtGhFnY+IdL8SW9vbalFGAkbStKMqcLzI+124JjByThUi+fm/S5+P8AFWV4tcQ/XZzcaUqShFqh7eKfNJzi4pOUXK8WpLSWsXeyPnv9jz9gbx/8frix0vxfZeI/CfwG0TxBPr+n+HNbfbeX7PwkOwqsgTywA8jKikSymMbpXdfunT/2/PgPf+IYNHt/jX8I59WurpbKGxi8Yae1xLOzhFhWMTbi5chQoGSSBjNdR8HNG8WQafd6p41urFtd1aQOdP02R30/R4Vz5dvEzAGVxuZnmZVMjNgBUSNV/Kr/AIJa+P8ASfDXw28Frq/xE/Yt0XS7bxbqkl1pfizT0/4TtI/7du2I+0NfIqzN963YwYWNoOHxk606aij67g3hfC5Lg+ShzOU7OUp/E0tIqy0jGKfuwXwp23ufp94r/bU+DfgPx1P4X1z4tfDPRfE1rMltNpF94osbe+hlcKyxtC8ocMwZSFIyQwPcV2es/Ebw/wCHfGGjeHdQ17RrHxB4jWd9J0y4vY4rzVFgUPOYImYPKI1ZWcoDtDAnAIr82vDvij9m/Sv2xP22LP8AaC1D4V2+nXmv6a0Vv4omtVvJ7ZdEg837Ijn7Qzg4x9nBfft2/PiuT/YMj8Vw+KP+CZq+NhqC66PCfjzy1vf9cLH7NB9hznnAs/s+3/Z21ryn1/Mfo94h/bR+EHhP4vRfD/VPij8PdO8cTSpAmg3PiC1i1EyPjZH5DOH3vuXahG5sjAOa0vjf+078OP2aNOsbv4iePPCHge31SRorOTXdXg08XbrjcI/NZd+3cududoIJxX4//GrXfBPwB+GXxi8T+GvGX7K/7Qnwn1TxrqWveIvB/jazfTfG32uS/PnWcE2TJLIJVbZLLEd6KWUOpAb6h8HeMvhnZf8ABXD40al8eo/Dfh+51jwX4ZuPhunjwW1vFbaN9klbUre388+Ujres/mxg78hyMoGNHKLmZ946l8cfBWjeENF8QXnjDwvaaD4jnt7bSdSm1WCOz1SW4/1EcEpbZK0v8CoSX7Zq83xF8P8A/Cf/APCJ/wBu6P8A8JV/Z39rjRvtsf8AaH2LzPK+1eRu8zyfM+TzNu3d8uc8V+Neu/Drw38XP2Ir7w1pK3UfwF8dftZ2GkeDVti0MP8AYl1cR2102nEjalqbl7zytg2hxIcda9+/YG8X+N77/gsRc+D/AInGa7+Ifwv+DN14U1PV2j2x+J7ePXLSay1VDk5+0W08bSDPyzrOvGMUco+Y/TCgDFFFQWG3NeYH9ib4Nf2j9r/4VL8MftXm+d53/CLWPmeZndv3eVndnnPXPNen0UAcHrf7LXwz8S+NZPEupfDvwLqHiOaVZ5NVudAtJr6SRVCq5maMuWCqoBJyAoHaum1TwJomueKNJ1y+0fS7zWtBWZdN1Ce0jkutPEyhZhDKQWjEiqobaRuCgHOK1qKAOC1D9lj4Zat8UIvG918OvAd140gmS4j1+bQLR9UjkTAVxcmPzQy4GCGyMCr/AMWvgH4F+PmnWln458F+E/GlnYSGa2g17SLfUo7dyMFkWZGCsQMZGDXXUUagYOp/C3wzreg6Tpd74e0O70zQZre50yzmsIpLfTpbfHkSQoVKxtFgbGUApgYxVj/hBNE/4Tf/AISb+x9L/wCEk+w/2Z/av2SP7b9k8zzPs/nY3+V5nz7M7d3OM81rUUAFFFFABRRRQAUUUUAFFFFABRRRQB//2Q=="
,"Enel Energia S.p.A.","Viale Regina Margherita, 125","00198","Roma","=${res.country.state(country_id,code):${base.it},RM}","=${account.fiscal.position:Italia}","True",,"06655971007","True",,"800 900 999",,"True","base.it","IT06655971007","www.enelenergia.it","iVBORw0KGgoAAAANSUhEUgAAAEAAAABACAYAAACqaXHeAAAPlklEQVR4nGL8////f4YRDAAAAAD/ /2IaaAcMNAAAAAD//xrxAQAAAAD//xrxAQAAAAD//xrxAQAAAAD//xrxAQAAAAD//xrxAQAAAAD/ /xrxAQAAAAD//xrxAQAAAAD//xrxAQAAAAD//xrxAQAAAAD//xrxAQAAAAD//2Ji+Pd3oN0woAAA AAD//2JiYGImX/cw6EcBAAAA//+iLAswMmIX//9/yAQOAAAA//+iKAC+n9yEXYKREXfgDDIAAAAA //8iHADoZcTffwwMDAwMP87tZPi6rh0q9gdD299XDyGMQZ4SAAAAAP//wh0A/yEe/7JhGsPfZ3eg Yv8YGBghAfB1z1yGf18/QcSZWVC0vkyRYfj34xv1XUsDAAAAAP//wh0A/yAx9+/ra4b30zMgYoxM DAxMEM/+fXCF4ffT2xjaXqTIMTDyijKwymlC9UCzwiAtFwAAAAD//0INAGRHQt3NZuDE8GX9Xoav u+aj6mRkY/j/5TfD99Nb4UJfNk9h+Hn8MQOXeyZE4B80a/z7O2jLBQAAAAD//0INAJgj//+DS7HJ ajGwKDEwfJySxPBl0xSE2v+/GZiF+Bm+ruuEC31aUcfAqsjAwMwlBBGAlR/Qqvb37bMEHfSfgYHh 7///DP+xYGqB//+hdjAwMAAAAAD//0IJgE9L6yEMRiYGBiYmBgaG/wxMAmIM7Dq2DMyCUgwf5hYy fNsyA6KGk5uBkYuX4ee14wwMDAwMP86sZ/j38T0DAw8/A5OIFEQNCzsDAwMDw4e5xQxPXBgZfpza gvAlDsDIwMDAzMjIwIgFUwswMkLtYGBgAAAAAP//ggTAf0jB9v/Pb4bHHowMv+/AYgpiqUDaNIZf T58xsCoZMryblMnw78VdBv64Noa/H18yMP79w/D76U2GP29eMTCzsTMw/P3FwCwgAgmUk1sYnkcK MHyY0scgXLucgTe6HtlYFIAcJn9+/sZU8PsfVrVkgX//Gb5++cnw/vNPBgAAAAD//4IEADR0+ePb GNgU1BmeRZkwvMzWYfg4p5jhz90LDKwKOgxizesYft86zcAsJs7wutWPgV3fhYFV3oDh7wcGBgYm RgZGFg6Gf///Mfz//5+BRUqN4eelAwxv6n0Z/v36wcAfE87AaR+B102//0K81bv+AgOrficDo/1E BkbtNgZG7XYGRr1OBkaRCob9F59C1f5l+P+fgeHP3/8Mf/5izx7//v9HkUdWIhS7iIFHo5XhyLVn DAAAAAD//1SWvQpBcQDFf3/utShCIgwiIonBZjJalHeQSZ7BI8jC7Bk8g9Fg8FFMPsrHpXyGyzXc f8l4ltM5nU7nyP36ReLrTNhUY+iLMbeTxrXXQg2n8TYHBLpLNvU0r+EIAFetzaqYQ/XHea+n6OsX jnIJAK1RRI2k0HdznJWmSf58gCKvt8HffFpkGfuzPXjspPJRsn47h/sT8RFcHjqFTBAAm9XkUKw/ 3YZ0YRhmnhYh/l7+5w1C4uP2DEkviZCbLwAAAP//bJQ7DgFhAIS/tRsKxCNZdr0qBY1EIxqJTukO SifgIg5AdBon0Am9rIhIhAjxVsh6JP8qFg39JN9kZjIKlgAhbAdCgKwQbhjs6gXuoyFyUOWxHLMq S0S7Fnr7yDwt8VwYOPw6ktcmP0Z9rCsEah2uvSaSrCB2czylKg6fZpOdrr/tW4DyXuFwdoDbk1Yl RzYZ+tGuNxd0zQeAsTiwPZsUM7FvhZ+rOF1MBtMtAY+LfEr7hjFZHmFvEsnHSahuXgAAAP//bNGx bkFhAIbh93eOIyFo0qpUYpCz6NA70JgqMRi6Si2NuIomVom4A5ZKWbrVhkUMTYRIJCcdlAEJ6SJK 0OI3HN06ffP3PirCAsop/9+qVjzZdw6zAavaM5tenU27yehO4K9KXA8xdoMO0qJij4RN8UyGq/wr AItymsN2iRa4wZ3MmfhGg5+hwe+whfyeo12HcERTCJsDuZeIk+bk8wt8rn/PF2ofJB9LKCGd/XwN 3TGc2+HSSb+YQPedARB5qlAttsy0ioALJy+5e+K3Om/GFBYrwkEvNk3lCAAA//8k0M8rg3EAwOHP u5+maa3IhXKRAw52ILnMaSS1RmHvwZHUO+/Raawc1Q67rGjFwUVyUOwwpRw0JdlhtZ1eN1Yv3njt fXv3fjl4/oTHZ94cg2UQHE+AY+GaOo72jDB/CAyN0r2o0CPv/e8nA3wWN4lsHWLVKoTGZglNL/N1 mqM/X6RrZomWGsOuaoRTc/TuXmM/ltEPVsH+RuguwoFwcgUpEoWOgCCIX4EHLw+NN7A7+AejbJfu 8Xk9tIw2fglKSpynlw8Y7sM1TLLrU6SP1kgVbqmXG6gnVS53Eoyo5zQvamT2F8jLk9w1X4lvnCHn rkhXFOraOyAxPzEAwB8AAAD//1SVP0sCcQBAn/3uOjATxBM1bSiMAqFFUXDRxRxbgqBsqzGixU2O hLZoEFxbHF10iQYRCvQTqKA0OCgUOuhZIIeeDf2BPsPjvScpOyGGWpJZ5gpJBeEQLIXEilhlqk9Z fILss+O6reEtG4wLFwiHm7X46R+Z9RMNlvCWdiJ5AmzW+ginD72Y4aN0h+wPYgx7KLEwau4Ji/xf BfMnAJXfyOkz8vkXmM+hP0Ec7PJwmaDaHMDEIHue4OY4BEDucJ+jSosN1Uaj8073sc21luL+LAJA fM9DMLZFq/4KpslzdwRWhej296m+AAAA//9iYZHTYZCc/5zh5/k9DJ/XtDL8uXOR4f+fHwwM//8w MMsoM7BLKjD8/fiG4Wm4CQNvVBSDUNFSpMz7n4GBEdqc+P2dQXTmXQZmbgGG/98+MbyucWX4cWIP A4sQP8OvB1cYeEJKGPiTumEaoXqhjS0mSPLffeEZA8OPfwxVwboMFd66DG++/WT49PUXg4a0ICT/ PnjPwMDJxJDrpg53wvmH7xgY/v5j0JQWYJix6wYDg6QAQ//2awz9S84wMHz9ycDAzcbA8OMvA8Ov PwxfPn9nuPfoLQODLD+DmgzETAAAAAD//2SXQQvBcByGn/8IazYhUYqkXCRWDvsAcnV08wF8DSdf xjdwVuQiJzUctIOhOYimLYdpK66/et7b+/T+AgkKiaTeI6n38F8PpJTy1z8Ad7cM5q0Uj3SLCP6G hIx/WHOeDHC3N6QspFodEt0+mdH0J0l8+cjeACvTBs9jaNRRNRlVk0NibzlwcqBRpJBPh/f5xoIY tCs5ZosjKHHG/Sb2/cXb8xFCoAioljTMyxP2V8pGLeQ/AAAA//9igTV9///9w8DIwsbAxMHN8O/T W4bPiyoYft08wfDnxW2G369/MrBKCTDwJXYxsKmZwf0AB0wQb7AqGDNILnmL6te/vxm+H1nD8O/1 YwYWZQMGVnUzBiZ2bni99///fwZGRkaGt++/MjC8+8rAoCrCoKcojBH4J+++YWD48oMhwEgGRfzy k/cMDAKcDNYqwgzvfv1lYHj3jWFqqiXWCJy9/wYDw+dfDMFmshCn/fvPAAAAAP//VJY/SwJxAIaf u67TEOMEy1BcvMFJUAgk8BsILW0tIkSLU6Oj4K57CKKubq7q0hyotaQSYYOD/4IzzxPv56AUfoIH nmd4XwX2/19SVABmxTSrdgXZpWEvf5DO3HgyOZRgmJPzq+OK/wYAsD47TLIJZJ+OQ7/GGr2z/eoi pFOQZYRhYpvgjEbQMs+o4TjisFuNtzFMVyh+jVSxzezXwhaCwWhOp3BHqzeGhUkyEvijGsaa5ccE 3E5Uh8rDTYin2ivSfZnqY4ILr4vh95z6y4Bm/pZSsw/mhph+eZAPOwAAAP//ZJcxSwJxAMV/9/8r cSCINVyCCBE6XVPQqktDEISboC6BY9A3EBScWsQxcJBIv0FuguDgUji5pihoyhUn3oV4dw0XLo5v evD4PXgv4K4NcMHqNjDbFTzbQkRiOMYU9fKak1LnIEmjXuT44Xmv7V4LPAU1lUVrfvH9lGPz9oon QYaCKDKIIgUicU7gNIFjjFmVbwnnq6g3RQC6HxM4kux+LJrt9/877sLSZrtz6AxnEFZJ69retz+a w8JEu0gC8Hin87k0qTUGFO5f/Iqav5xldJ+i0QqiIa7i/o4QAv4AAAD//2L8tGHy/08zcxn+fmVg YBbhZWARFmBgEpRh4PHMY+B0gDZf//+HOIiJgYGBkYnhqR8LA19SNwNvQCEDAwMDwxNHRgbRCTsZ 2PXdUALq1+XDDH8/v2Bg5BRgYJVSZ2AWl0MNyT+/GRhYWDECmBrg1dsvDKysTAyCfFx41QEAAAD/ /2L4/+f3fxj49/c/Jvj3B0PoVZbB/2dRgv///////8e5vf/vqTH8//PyPkTy908shmAYSoQa8gCp JgMAAAD//3SYMQ7AIAhFn271/rfpQXqIDp1rFBwIlZg6EBI+YST/vxz9eIrh2Dlf+sHm5aDdDwD1 OskF5K2mualXtRvSrKsEIuT/YyYUZfKYtYAtUFrnlgeU3vXjCrtdgAEAAP//grkW00a0cT5kx/55 /4KBGZpy///6xsDIxMDw+/5FVGWMjBAzmFggNCMTlhEhRhQWbDwGHTMwMOAcUMImzsjIyMDMzAgf V8CnFgAAAP//YoJbj24jOoAFzM+fDP/ePWFg4IU0JJhF5BkYmBkYft05DDVxaM22AQAAAP//It61 0EGT72d3Mvz/8JuBRRJSoLEqWzEw8jIw/L50FKKOETKSNFQAAAAA//8iPgCgo8Ff98xiYGBgYOA0 D2FgYGBgYFM3YWAV5Wf4deccw6/b5yBqh9B8IwAAAP//Ii4AoHMEv+6dZfh5cisDEz8DA09AEdQE FgYOmzCGv58ZGD4tq4eLDcYhcGwAAAAA//9iIKXKeBYl9P+ROcP/L9tnQuscRKXzPEXu/wNjhv+f t0wjsSIaWAAAAAD//8IfAFAP/nn/8v+TII7/j50Y/n89tBKH2r//X9e6/b+vw/D/0+pmqCC2hsXg AgAAAAD//2L8/x9PWoX2+H7ePs/w/9VdBg7rEIIp6u+bxwy/Luxj4HSJp2pKpRUAAAAA///CHwDY wL//DAxM2Ma1/+OuQgcxAAAAAP//IrIQhLbq/uPwPAMD0hzgP6yzxYMVAAAAAP//Ij0FDDMAAAAA //8aWs02GgAAAAAA//8a8QEAAAAA//8a8QEAAAAA//8a8QEAAAAA//8a8QEAAAAA//8a8QEAAAAA //8a8QEAAAAA//8a8QEAAAAA//8a8QEAAAAA//8a8QEAAAAA//8a8QEAAAAA//8a8QEAAAAA//8a 8QEAAAAA//8a8QEAAAAA//8a8QEAAAAA//8a8QEAAAAA//8DAAMvf/UGAA8tAAAAAElFTkSuQmCC "
,"ENI S.p.A.","Piazzale Enrico Mattei, 1","00144","Roma","=${res.country.state(country_id,code):${base.it},RM}","=${account.fiscal.position:Italia}","True",,"00905811006","True",,,,"True","base.it","IT00905811006","www.eni.com","R0lGODlhUABQAFAAACH5BAAAAAAALAAAAABQAFAAhwAAAAAAMwAAZgAAmQAAzAAA/wArAAArMwArZgArmQArzAAr/wBVAABVMwBVZgBVmQBVzABV/wCAAACAMwCAZgCAmQCAzACA/wCqAACqMwCqZgCqmQCqzACq/wDVAADVMwDVZgDVmQDVzADV/wD/AAD/MwD/ZgD/mQD/zAD//zMAADMAMzMAZjMAmTMAzDMA/zMrADMrMzMrZjMrmTMrzDMr/zNVADNVMzNVZjNVmTNVzDNV/zOAADOAMzOAZjOAmTOAzDOA/zOqADOqMzOqZjOqmTOqzDOq/zPVADPVMzPVZjPVmTPVzDPV/zP/ADP/MzP/ZjP/mTP/zDP//2YAAGYAM2YAZmYAmWYAzGYA/2YrAGYrM2YrZmYrmWYrzGYr/2ZVAGZVM2ZVZmZVmWZVzGZV/2aAAGaAM2aAZmaAmWaAzGaA/2aqAGaqM2aqZmaqmWaqzGaq/2bVAGbVM2bVZmbVmWbVzGbV/2b/AGb/M2b/Zmb/mWb/zGb//5kAAJkAM5kAZpkAmZkAzJkA/5krAJkrM5krZpkrmZkrzJkr/5lVAJlVM5lVZplVmZlVzJlV/5mAAJmAM5mAZpmAmZmAzJmA/5mqAJmqM5mqZpmqmZmqzJmq/5nVAJnVM5nVZpnVmZnVzJnV/5n/AJn/M5n/Zpn/mZn/zJn//8wAAMwAM8wAZswAmcwAzMwA/8wrAMwrM8wrZswrmcwrzMwr/8xVAMxVM8xVZsxVmcxVzMxV/8yAAMyAM8yAZsyAmcyAzMyA/8yqAMyqM8yqZsyqmcyqzMyq/8zVAMzVM8zVZszVmczVzMzV/8z/AMz/M8z/Zsz/mcz/zMz///8AAP8AM/8AZv8Amf8AzP8A//8rAP8rM/8rZv8rmf8rzP8r//9VAP9VM/9VZv9Vmf9VzP9V//+AAP+AM/+AZv+Amf+AzP+A//+qAP+qM/+qZv+qmf+qzP+q///VAP/VM//VZv/Vmf/VzP/V////AP//M///Zv//mf//zP///wAAAAAAAAAAAAAAAAj/APcJHEiwoMGDCBMqXMiwocOHECNCzCTmILRJMTJJ3MhRoTIAN5QNpAhghYFJHVOqFBhjxQqKLUsaWBFjpc2NAAwEgBHAgIEYM38KrNfOFixb5+jdXEpwmZiZPMNkWiFzBRp0tlKlUrVVK6xwveoRVMp0YwwVB9CqiPE0RgwAaPZpTfVnLqC5qW6duzVXVdmIGIOa3Bmgoju+XblytYtXca+CxJSJ/GswEwAAbzNjhuuu7lbPdBXj9axKH8FJBkqCnEx5nzKgJmOnnU3v1uLEc+uKVmWLrEA0KgIAbVmz9UDUsQXPDLkPmjuupGHButWr+jnWAonNRCP56Uvjv1fM/1Z7gCdPACj31XNHz53DGypwEBSz4gb4fWIAwBg/exJF5hIps1M0BH1UnHFoCLeZZgdOlN4kAFREEDEHNEhZDOYpqJkYxECEQ3D23bCCSJNMdpaErSkjBn1BZSbGDRllolFDCypT3z6ZGBAfTwZg15p3M4mBBgAUYYQejgxhNskwNwSgzFSEwfDdffgdEEYAN4iRESMHbEbMkK5pxJpImShz5U8RhmESeZj5SBmMryGnU4b51cTWJPZltKIYWKKVnIaYoWUhZWLQE4OKDC64HWYBAJBGfHWSJyl/aqFo3Ec7UaqplMqZlOinCx7gW4oYRmlqhjwmp2qnrK6Zxn3EAP+wqamZTWorf54yytOgZUGzqni3BqtprqDOaNyCyGbGqrLAaiqsCpYSquivnTpbXqbPdulmR/jA4+23YID6aauCWYuWeWlhCMm37HqLz0P5tOutJeSpiiu51OYbVAAmASOvt/M4NM+3xrB7qrkIqwXbT6dGmdYZ/sJT8Lf5ONTtvzaYCkZy4k4bVBjAZAiJIjfoSphaE7NrjDwCSywvJKpaAgwY490AzM3AhCFYuIIVXCoMYNxsDCSQ/JzuugR7W3FDF3ubMjD8YQaJyN/aszHDZkBiKiSWZBbAASuwa4/OgyHdLssNDfwvPPspvK5mB5gdJQBhwGNDcusC8xYMAJj//S15NjjN7tIMdZsyu2b8ue7G6UZsTL3+AiMY0pKLV3e7lsSmyL9oM6S24N8CQ9hZBwBjCWHA2OOt1jyBkXIkm0XyLetIH363AYe7TPhCTSftrXk6IW0eGN+GYV7E3oYcgN9gBOD6v8rXzm7nC6mdu7fwgW1A3azH4K8xzWOWO2yqr76T3y57C/sKZsi7u0K9v7wgMIrsy7V5N2zOLhibhX7tGaBr13CQJzHqKWQeuUtZ5oICCe0pQnUx8V75JKa1zHzLDCoIA/qSBomSWMJ9Fltb8sxTN2BgZn8rCFy7IjZBb7UQem4BgMq8ZcCExCt9SRMdDC4HD2CgzwzIu14A/2eYPuX95F/vaog82nU4mhFPhFCM4r/s4UOZ/csYAWvIDf+VOQDIjohCBKMYpZi7JDJEHhM7HNTQ4rgoplGK8gqj77LIkC2qjFMrkOMQRRjGBELRjLxbm+kgQUDQ6fGNV4Tj4bDYsvTpkYxu5CMR5QVI+Clyj76TZCIvCQ86Vg+HmGRiKFN2vUNO8luVTEjvSgnHUGrSlUz05AFf6bIXQnGRcDSi2Q6XSoTgw4+3NOQp14ZLb5WrkABzyBYfCUp42FKUmYTe3Pw2sV4eZInEjGY2k/bMUxqjbWD74CJlacNWQrOZm9TmxMKwmRuszZoGWSIiSanNdDaTGVK0BNFESP9OhNjRnLBsJTMRCc+CxI+T5wQlMAH6rX4eZGD0dKQrmVlPiU60oAQ5qAhv9kF0OjOiPRRaRUNn0U42Ep2qswSPCGMDXSR0djaYTUlg0D4uFg0AAUAmPDA6kF/GcYQ70aAPm1cejw7tWlo4AyTAsJ8UBtGZVJkNMhmZto2mJQxDA0MYwGAJdWRMhZgLDtB6SDTZTS0AYP2W1HbyvXbxVCCrDN1PggaDluiEJl5lH+hsEAPnwSMS+yGMF+m1vMPpRHkdBZ1DDXLDw9lDSjbQm9SI9hMYqGMnBJMSDGT2lhXAYKmlyhnd2sVWtiLRIdhs19QOkNeaeksdPLFE8zoKDDb/KqJR3tuf87omQ3bxRHI5jeNiC/JP7K2AqymcYeIgATvK9QQe5SFeC1l3WQMkrbS5LSNqLfrbjAXxZs3LWgAuB7UV2CM4yKztAdgWgHb9liqJTd9wCVLc08EAHgFAC07fEoD+flZrTzRhe037xjXaA7MGM8AadfrWfRy0tjaDwQ20CgYwRIJohGTbAQKclscGIL7JO0B7ddKumah3qvMdCEQRl1ycmU4RkDBDJLS6kxVETIf4ze0KT2gS0sJAdNl1awhVSzfRBYcwYFtQ0JymPHi85ak9fAt7cXjYtyQ2ZSkWyOcmJrqg7URmOHOmIJ+LGWTaF7/3NdiPTcvEBvuUlV0mjAF7dUrEyrFXnHDmyZR9m9PD/ivL+/hc1Xqitx22EsdsFhyiratmILcRlUPG4ca49mRhglJvIw7uCkmsZ3ZVGQAgLhigiwuPM+/nx8G0BI8VLC8goxl0pUU1Jbd7vebVbS27haJk5+y7XXf6W7/97RBHPUnlEe92VLmBDWygbLMhunTyOvNzxYxm0UF7hu87SEAAADs="
,"Google Ireland, Ltd","Barrow Street",,"Dublino 4",,"=${account.fiscal.position:Regime UE}","True",,,"True",,,,"True","base.ie","IE6388047V",,
,"H3G Italia S.p.A.","Via Leonardo da Vinci, 1","20090","Trezzano sul Naviglio","=${res.country.state(country_id,code):${base.it},MI}","=${account.fiscal.position:Italia}","True",,"13378520152","True",,,,"True","base.it","IT13378520152","www.tre.it",
,"InfoCamere ","Via G.B. Morgagni, 30H","00161","Roma","=${res.country.state(country_id,code):${base.it},RM}","=${account.fiscal.position:Italia}","True",,"02313821007","True",,,,"True","base.it","IT02313821007",,
,"InfoCert S.p.A.","Via Marco e Marcellino, 45","00147","Roma","=${res.country.state(country_id,code):${base.it},RM}","=${account.fiscal.position:Italia}","True",,"07945211006","True",,,,"True","base.it","IT07945211006",,
,"Iren mercato S.p.A.","Corso Svizzera, 95","10143","Torino","=${res.country.state(country_id,code):${base.it},TO}","=${account.fiscal.position:Italia}","True",,"01178580997","True","clienti.to@irenmercato.it","+39 800 979797","+39 011 0703553","True","base.it","IT01178580997","www.irenmercato.it",
,"Lavazza S.p.A.","Corso Novara, 59","10154","Torino","=${res.country.state(country_id,code):${base.it},TO}","=${account.fiscal.position:Italia}","True",,"I'00470550013","True",,,,"True","base.it","IT00470550013",,
,"Linkedin Ireland Limited","Gardner House,Wilton Plaza",,"Dublino,2",,"=${account.fiscal.position:Regime UE}","True",,,"True",,,,"True","base.ie","IE9740425P",,
,"Norton Account","26, Boulevard Royal",,"Lussemburgo",,"=${account.fiscal.position:Regime UE}","True",,,"True",,,,"True","base.lu","LU23124018",,
,"Nuovo Trasporto Viaggiatori SPA","Viale del Policlinico ,149/b","00161","Roma","=${res.country.state(country_id,code):${base.it},RM}","=${account.fiscal.position:Italia}","True",,"09247981005","True",,,,"True","base.it","IT09247981005",,
,"S.S.C. Carrefour","Via Caldera, 21","20153","Milano","=${res.country.state(country_id,code):${base.it},MI}","=${account.fiscal.position:Italia}","True",,"08652300156","True",,"+39 02 984961","+39 02 98241010","True","base.it","IT08652300156",,"iVBORw0KGgoAAAANSUhEUgAAAFAAAABQCAYAAACOEfKtAAAAAXNSR0IArs4c6QAAAARnQU1BAACxjwv8YQUAAAAJcEhZcwAADsQAAA7EAZUrDhsAAAAZdEVYdFNvZnR3YXJlAEFkb2JlIEltYWdlUmVhZHlxyWU8AAADIGlUWHRYTUw6Y29tLmFkb2JlLnhtcAAAAAAAPD94cGFja2V0IGJlZ2luPSLvu78iIGlkPSJXNU0wTXBDZWhpSHpyZVN6TlRjemtjOWQiPz4gPHg6eG1wbWV0YSB4bWxuczp4PSJhZG9iZTpuczptZXRhLyIgeDp4bXB0az0iQWRvYmUgWE1QIENvcmUgNS4wLWMwNjAgNjEuMTM0Nzc3LCAyMDEwLzAyLzEyLTE3OjMyOjAwICAgICAgICAiPiA8cmRmOlJERiB4bWxuczpyZGY9Imh0dHA6Ly93d3cudzMub3JnLzE5OTkvMDIvMjItcmRmLXN5bnRheC1ucyMiPiA8cmRmOkRlc2NyaXB0aW9uIHJkZjphYm91dD0iIiB4bWxuczp4bXA9Imh0dHA6Ly9ucy5hZG9iZS5jb20veGFwLzEuMC8iIHhtbG5zOnhtcE1NPSJodHRwOi8vbnMuYWRvYmUuY29tL3hhcC8xLjAvbW0vIiB4bWxuczpzdFJlZj0iaHR0cDovL25zLmFkb2JlLmNvbS94YXAvMS4wL3NUeXBlL1Jlc291cmNlUmVmIyIgeG1wOkNyZWF0b3JUb29sPSJBZG9iZSBQaG90b3Nob3AgQ1M1IFdpbmRvd3MiIHhtcE1NOkluc3RhbmNlSUQ9InhtcC5paWQ6NkU4MDUxMkI4QUYyMTFFMkIzNEFENThEMjg3QjRFQTYiIHhtcE1NOkRvY3VtZW50SUQ9InhtcC5kaWQ6NkU4MDUxMkM4QUYyMTFFMkIzNEFENThEMjg3QjRFQTYiPiA8eG1wTU06RGVyaXZlZEZyb20gc3RSZWY6aW5zdGFuY2VJRD0ieG1wLmlpZDo2RTgwNTEyOThBRjIxMUUyQjM0QUQ1OEQyODdCNEVBNiIgc3RSZWY6ZG9jdW1lbnRJRD0ieG1wLmRpZDo2RTgwNTEyQThBRjIxMUUyQjM0QUQ1OEQyODdCNEVBNiIvPiA8L3JkZjpEZXNjcmlwdGlvbj4gPC9yZGY6UkRGPiA8L3g6eG1wbWV0YT4gPD94cGFja2V0IGVuZD0iciI/PsETF14AAAYKSURBVHhe7ZtPaB1FHICnlRppUq1RxHixBa1CBBNFctKm1Yu2YHswVqjYBjwohRjE9iJNW7ykoLEgRqg0LXqoHmyEqBdtUzwV0ebQgLZC6kEjxdZo/mAsNb5vM5u+vMzuzsxvNyTNfLC82d2+l87Hb2Z+OzO7bKqECnizXH8GPAkChQSBQoJAIUGgkCBQSBAoJAgUEgQKCQKFBIFCgkAhC2YyYWT8X/Vu36A6duqCunhpTF+dpmFtrWqur1Ntm+vVmrtq9NWFQWECr57/UU1+/52qeeFFfSWZ3jO/qJ3vfRtJzGLHxvtVR0tjokh+C7Y03Rt9Fk0hTRh5f7zSqv4bG9VXkqHCWzu/sZIHR09eUI2v96qBoSv6ymxWV98c/R7/bj7IXWAsb8W6B9WtL7+qr5qhqRJ5riB7w94vjdKbH6qLopTfnQ+JuQqM5UHtwUPRZxq2zdYE3zta6i9NdO1siiJxPiTmJnCm2Y6Oqtv3vqWWr1ql75jpPzccHRKS5COPAQeQ6BPltuQicKLvc3Vp+3ORvFvWb4yOLPZ/OqBLfjAyv6YlmSi/RxQWJVEsEHl/HngzKhN1RF8WDACS6CPCTux5KvpMgnvlI3FREkUCy+VB9bbtmU0XyPUknNjzpFU+uL7+bl2apgiJ3gIr5SGuZlt2zgf9g/7RxwjLSGtDw5paXbpO3hK9BFbKA9voI3VJyuFsaNuU3O9VkiQ6T4nOAk3yXKJvYOiyLrlDv8bgkQdIdEngk3AS+Pfh9+fIA0Zdm+iD04O/65I7DWvv0KV84CkoKSG3xVog4kYPd+uz2azc9KwuZTNw0b/5joxP6pIdlZMSJuhOJBKtBCKPpmuCyKt69DF9lo2kCVNZl4rapkoSiZkC0+SBTdJcjrTPYcrLlmP9P+tSNr4SUwVmyYOqR1yiz7/5xhwqCbT5HUS7Jus+EhMF2sgDl+br2oeZoHJUMk0iI2z7kTP6zA1XiUaBtvLgprp7dCkbafON4XeYEySXi6OMa9Oj6lfiHA+JaXOO5cyakWYy4Mrutmgm2Qai787uI/osm32fnFX7S8digbzz1IFnUnPPmQhEHtNRtvJgWY1d7rdYsekuIoGxPOb0XFix7gFdunHJkhgJHP2w21neUgKJWzu/1meziQRO9PVGJ4FkeKoxpUUzTTjgRyTQdiJgqbO6ukqXrhMJZC4vkA6pjCmdiQSyfuvyRLHUIB/s2fWEPptNJBBIiFdutp+Wgqvnf9KlGxfWXtKS6RmBwIqai8Qpi60bixmknX17i92TSIyLRJenFjAt8vhCs+p4vlENfdCipj5rjQ4qy6JTHiCNyOPvpDFHILhIvDb8my5lk/WfsSVuVvtKAsuXN6l0z67HS/eeFv0tW3lgFAi2El2jUAqVynrAZzUOkT64yINEgWAjcfIHe4G267lp2G6yZFeC699zlQepAgGJt7Xv1mdzcY1ASdOCtP0wlbzUfJ8uZeMjDzIFArtMEWmCPtBFomRpkkq6VNA2Ahl4fOSBlUCgKSdJnPjCbvYaJCOx6VEqDZumjjz6S9+WYS0QkiT+c/qk9YTEwwKBkiVRE7E8CU4CwSQReWPHP9Jn6UgGEublJNviyslDHjgLBJPE8eMfW0UhzSotBcnCZWNmkuy85IGXQIglxlNhTlFY7x+FSIlfZcjCtI0kT3ngLRCQyCRELJEotHkyifcv+8Kypc2SY+VGJlKgPOWBSCDwOkMskSgceadT30mGZiztC1noSds8xL3ySEVcV2uTPssPsUAol8iIzJFFR0uDLvmBxKTXHIAtIDHIo+kWQS4CoVwiOxuymjIRKIlCSMrdiL54E1KR8iA3gRBLhMtvtEWfaVA53wSW7+3YYBbT3jO9L6ZoeZCrQIglXhv+Vf3VdVBfNUNf6PMIlfY9+j2O+ZAHhb2tGT8jM1JnwYjKwrXNjlJGUiZSk6ST5tA/ztfbmgvqfWEGBd4hKU9REEVfyTsfNFnXaC2aBSNwsZJ7H7jUCAKFBIFCgkAhQaCQIFBIECgkCBQSBAoJAoUEgUKCQCFBoJAgUEgQKCQIFBIEilDqf1+t4YT//zV6AAAAAElFTkSuQmCC"
,"SHS-AV s.r.l.  ","Via Domodossola, 64","10145","TORINO","=${res.country.state(country_id,code):${base.it},TO}","=${account.fiscal.position:Italia}","True",,"10978280013","True","info@shs-av.com","+39 011.0566929",,"True","base.it","IT10978280013","http://www.shs-av.com","iVBORw0KGgoAAAANSUhEUgAAAEAAAABACAMAAACdt4HsAAADAFBMVEUAAAD//////v/+/f7++//+ /P/49vn7+f3u7vDl5+a3xbgwYTF5lXmpuKnk6uTq7urv8u/4+vj09vTy9PL9/v37/PswYS8lWyIl WSInXCUrXyibsZqtwKwlWSEkVyAnXCMnWiMpXCUnWiQpXCYpWyYtXykuYCotXSoyZC4vXywxYi40 ZDE0YDFMdklcgVlhhV59m3uAnX6Dn4GOqIySqpC3x7a9zLzBz8DE0cPH08YaURUiVh0mWSEnWSIo WiMpWyQqXCUqWyUrXCYrWyYsXSctXigtXSguXikvXyowYCsxYSwyYi0yYS0wXywzYi40Yy8yYC42 ZTI4ZjQ6ZzY8ajg/aztCbj5FcEFJc0VUe1BYf1RliGJsjWlvkGx0lHFykW92lnN5mHaGooOJpIaX rpWhtp+kuaKnu6XP2s7W39UnWiEoWSIpWyMqWSQuXSgxYitQeEtpjGWMpYmxwq+0xbK6yrja4tnT 29IgVBgpZB8ybCgsYCQvZCervajh6ODe5d3n7eYobBrL1skdnAAoWhw1cSgxYSYhngDt8ewnpAAm oQAkoAAsdRcrpAApogArogAooQAvpQUrjgoyihQxfxg9iyNamkQwqAAtpwAvpAAtowAsngAxpAM3 pAwzlg03nRJKsCEoXBNUtC05Zyg+ai2Pz3V2mWmgw5Po9eP0+fIwpQAyqQEzpgEypQEzpgIzpAM0 pgQ2pwUznwc3pwg5qAo7qg09qRFBqxVFrRpPsSdatjNhuTtmukNrvUhwwE5zv1N2w1Z6xFp9x119 xF6Bx2OFyWmLynGRzHiXzn+d1IWj1o6q2Jax25643qfG5bjM58DX7M7b7tPl898nWw2+4a6qwp7S 6sff8Nfi8dvs9udShzdwmlm/0bUvYRB9oWiJqHbx+O2Xs4XF07ze59jv9+r7/vlMdi9kiEu3yqn4 /PUoXAAvYQYxYwk1aA00ZA02Zg87axWiuJA0ZAozZApFcSC9y7DN2cLT3cn8/fv6+/n3+Pba4tH+ /v39/fz+/v7///9lCvADAAAFK0lEQVR4nGJgpBAAAAAA//9ioNQAAAAAAP//otgAAAAAAP//otgA AAAAAP//otgAAAAAAP//otgAAAAAAP//otgAAAAAAP//otgAAAAAAP//wmLA9o0ze7vam5v7duxd evbBDzbOJhmTQt0QL3uFHCcPLz9/f/9IJNUAAAAA///CYsCEjRGhOo5Kjq5gxTDg5+PhYm/npBUS VehvhKQaAAAA///CYkDf7mx/V0c7e4/giKhY43TzMgEU6e6l/jJIXAAAAAD//8JiwMyT9gV4PD3h mn8ZEhcAAAD//8JiwKqXnkn4DBD2R+YCAAAA///CYsAaRj9TPAZ0laMYAAAAAP//wmqAfx0eA7ql UQwAAAAA///CbgAe/YzNMV7IXAAAAAD//8I04OUaPrwG9AUpI3MBAAAA///CNGDFKgs/fAbsUrRD 5gIAAAD//8I04Fpfigc+A04qoEgDAAAA///CNOB0v549PgOeuKKkEgAAAAD//8I0YOmiIEck7g8M Bd6JyDwAAAAA///CNGD/cYcQJO66HQt2Ltq1a/eefYeOLj1+YrmMiX8asnIAAAAA///CNGDXNTs9 BO/n/lBPxWx7FzUfRL7KRFYOAAAA///CNGArY14Kgnej1k/fINW0nE8IQyEEAAAAAP//wjSgn9HL EsE7V+SKQycUAAAAAP//wjSgm9EfybaTkUr4DQAAAAD//8I0oBklJR/0V8RvAAAAAP//wjSgF8WA 4wrhMKZQQ0ZJilFMZCiKcgAAAAD//8ISC4w+SLxrjVU1+dzcOiDg7+cFLNXyw1CUAwAAAP//wjTg JCNKsE2aOu32wxeZ/OwQ7ssJIdEoygEAAAD//8I04AKjHYYYAqxYK5WCIgAAAAD//8JSHgir4jHg /Cy7MhQBAAAAAP//wmJAeTimGByc7XL6hyIAAAAA///CMECQsTYGjwGnZnmiCgAAAAD//8Iw4Dpj bC0eA44sQCttAAAAAP//wjDgIqNuPR4D9hxEcwEAAAD//8IwoINRkwmPAQtOo5U2AAAAAP//whKI +GKRcesNNGkAAAAA///CYoADugBytM5kDEaVBAAAAP//wmIARpGKnDf6GKNQJQEAAAD//yLCAFvk cO9iRKs3AQAAAP//wmKADSrXKFYBidfdYYEqDQAAAP//wmLAL+TcmOhXLIrcIGk2/YWqGgAAAP// wtZGsvWPgxoV4wIsoGOFkV1gjKYYAAAA///C2shKUfZ3sbNT9HOJAFmH4qWt0WhqAQAAAP//wtVK yygxg9XxJsjie0LQFAIAAAD//8I0oB2Ft5JRFoV/WhJNOQAAAP//wjSgM+hlL5xzktG7A0X2Ono6 BQAAAP//wjRgASMTY9cxEOvKLmCyRGus/HNEUw4AAAD//8I0YDkjo7UF481LQCZfoC6GtDIaHwAA AP//wjSgGESY2FhZWRVYYEi+xMhqAAAAAP//wjDgpzSGLiRwidEJTQQAAAD//8Iw4AJ6SkEB5xlD 0UQAAAAA///CMOAsvgKN8Sx/PJoIAAAA///CLNIs0UWQwRnLNDQRAAAAAP//wgzEDgwRJHAltQxN BAAAAP//IrHD8TfuH5oIAAAA///CNODxbwj4DgXfHr349uJOU0ZmWX1dXUMxunIAAAAA///CNODz uzdvXr9+BQTvvzx7fu/h1Ttnz549c+rE0YOHj528cuMvmnIAAAAA//+iuM8EAAAA//+i2AAAAAAA //+i2AAAAAAA//+i2AAAAAAA//+i2AAAAAAA//8DABe7CUQucMSxAAAAAElFTkSuQmCC "
,"Tiscali Italia S.p.A.","Localit√† Sa Illetta, S.S. 195, Km 2300","09123","Cagliari","=${res.country.state(country_id,code):${base.it},CA}","=${account.fiscal.position:Italia}","True",,"02508100928","True",,,,"True","base.it","IT02508100928","www.tiscali.it","R0lGODlhrAAuAMQfAH9KnH26AK7UYI9hqM+82reZx43DIM7ln+fe7aeDu97uv+/239/S5r7cf593tZ7LQIW+EL+lzodVor7dgOfyz+/o88ew1Nbpr5drrpXHMMbhj9fG4K+NwabQULbYcAAAACH5BAEAAB8ALAAAAACsAC4AAAX/4CeOZGmeaKqubOu+cCzPdG3feK7XHOBLhJ1wCKs4fAAgUchAIpfQGIJBpSJaBCdgEM01td1wiiDR/q6qiFm8cTg2sq9TTC8NzMjESg3uVspJFTFyT3WGd3gADisWWhJhhAwyGE4FhoYbiGaLK5oAEZBOkjIVVJenIlWUPpwrpaOhSLCotDRHrLUpkbm8MbeKvSa7wcQqv629BZ6JrHAkEcsAGBauBat4AwmzKRUc104SHIIlCAmJAw5BLMcn3YBOGM4r5U4DoGPMiY8jhGbjJ2TyVfp3gk8+SyW+JcJA8AQ7E430tYgGQJ4JgwKd/MvCbNuIChm1YEBRwVxGPSXe/+VjaAwJshEY/bFIdK+dyowc7HRE0SOkKBMIKJqR4LGAz5wpHpK7+XMFzRUMLPT0wSGC1asb0JRgQMDqVAAeRWiScLWs1V8AtKa6ac9shLAiKmxwG+ErgJa4UEQ921TFUxbDBvUt4QQlCgsSJFAj0Q8AUh1GZSV12QIjXBJ/oQ5+ETihEweXUSxTt6NzCaVpNp9gCoC0CtMuYIuIKc21CgTg1OqQLQJ1CsssOH5uqFd1C94fFPoYYIH4VicWYTCge/XrZd8ogLN4ZYWzccDfRZgcGsF5qvApMvn0sdghZRbaoSB/jf4DArtOxJ2YD3A9kpomYFdQfTfwV5xk2xXAmv8iDRlIwgb+/TdZXnsQaIODwlgIE2sSqIWhCAph4MaIbpgB4GnvVYigfBo+t+ILBEQjwT8ffgCPeR9E5sOJJAh4UYsz1MgPkA+iBUB7hNjmlITcOMHjCD6WEN88VeCY4YupODCNLkSWIBwwcWmhZApOLrnjhGCq6ENoIgT0WWyb/YHlkHP6kuIHRiI0E5PtYPRkb3f+RiBrY17pg56zOdGei2u2c4QS3LyDDAI3JWClCIX1edNLPQaaHYGZmekDBleN54NWFVhQXX5XETBORKMWQJcylSzlSFVu/eMJBrJepSAeyMx1lSZtWaUVAmWhhWsErp4Qqgr4AfvRgkMJAquwf84pl4gztIXUio4ZgdIYMyOZ8KwK2uY2wrUZjZIuM4iWEO0mUEaYJrX0dssMcefihY1auK33D7gC/TnCBvh+QgLBZgzQFZ9G5pMTu/nso5MZ0QFWAIkOcDDmBglwLLID2pRQwcYju5FAcy5YkLIDPCKAMsclz+ZAvDO/DPMIBOg8Ige6iRAUOAYXY/TRSCet9NJMN+3001BHLfXUVFdt9dVYZ6311lx37fXXYIdNRwgAOw=="
,"Trenitalia S.p.A.","Piazza della Croce Rossa 1 ","00161","Roma","=${res.country.state(country_id,code):${base.it},RM}","=${account.fiscal.position:Italia}","True",,"05403151003","True",,,,"True","base.it","IT05403151003",,
,"Vodafone Omnitel B.V.","Via Jervis, 13","10015","Ivrea","=${res.country.state(country_id,code):${base.it},TO}","=${account.fiscal.position:Italia}","True",,"08539010010","True",,,,"True","base.it","IT08539010010",,"iVBORw0KGgoAAAANSUhEUgAAAEAAAABACAYAAACqaXHeAAAltklEQVR4nJSOvQoCMRCEs9kL+TkF 4QorwU58ZcXXEiwtBLHR5pKYvexa3CEIIjjNwMzAN7DfHdQviYwO8K2Fdy7TkFkpEUYisszVImLn ndvO5u0mhHbtg185a5fGmA41LpRWTkRKrfygQvdSyjWnfEkpnvuYTinGIw3DDQBy05in1noAkIkN H+z/vo96AQAA//+EkLERwjAQBO9fCDMk1lg4gYAW6IGcbkkpgpwOSJAlbLBeT+CIgYErYG/vZr/G E71DPnsmMrOBqqDvB6QUASLvXX3w7Wbfts2u8at17ZxdVguqKstkDIPIoIgqiFUVRYorpWxzzmV8 jDIMd00x5hC6a4jxHLrudIvp2D/HC4vAMGNuLaAK+XLAf/cpLwAAAP//fNLBEcFAGIbhd1eCCIfI nTXShAocFaINVShAOW6RJhJGrFz8/nUx4yRfB+8zXy9AP475hitte8f7J0ky3jq33BfFeuPcYp5l uTX2xy8iBJS3KGggaDASFBUFERtZSNJ0EOejGOAFeJh1sKph1/juUJeX862qjo/merLGMJ2kxMMI Vf37hL59AAAA//+UkT0KwkAUBr/dVROTTTrBxtT+tnbGI2gOIXgrK28kahFUCMg2giSC4Oa9tcgJ 0k8zM60DCNEcF0KgqkqU5Qda9zfz6WQ3W4xXoySJPc9vYAasJRBZR0QgIjg04kwMqmt0pUQchZB+ jDeAJ+AqItj8Ds5zFo+bUsagdzpjcL1EQRCsh9ts+U3TvTHm8CqKo1Sdn9YhlFKCmV2bEH8AAAD/ /5TTMQ4BQRiA0e+fkZ3dRUSNRKeQoNAicQo1B3Ab93AOoZKokKBDlmwhMbM7GgfgCi95fwGICCKK 99uSJA+0ZtBut+bdTmfcaNSrhSAAwDmXW2sls45cvGilxXuPiILcQ+YoxiEmismAC3DdH3iuVmTb nUSbNaXjnvie6PBxo2Kdz4GXCXxxOlNqNIxMrzto3mr9Y7k0OZ3PizRNl8aEPjTBN/1vCB8AAAD/ /5TRMQ7BUACA4f+1tFUVJRJiEBaRIDGIxAU4A4sTiHu4jzA5SZPqIrFY9AlP+2roAcQRvv//I0CO l1ISx9KvN2q7+Wy66Q8GPcfJjyuldJIkAjCEEJhWgQIGkOX3M43nOBh2kQ8QAeHxxP1wxDufaUch jaekApSBF5ACqe8Ltd0iVmthdTvo5zvTj1hUbas0Gg8XzVZrEgTB8nq97VWiLq5bpmiahtap/qX6 AgAA//+M0bFqwlAYQOHz31iVXhM63am4FEGK4GIfRfAVfAOn4ubb2KXQqXkTg4tzG03QJDf3d9C1 0Ac4y3f+BXA/qHn+Q+P9dDx+Wb3NZovn4RCApmnV+1pExBhjMMbcwgBBAhqUjgi9OKYFDnXN7vOL 348tSfrNJD/ikgFPgxgE2qri5D0lcH6dUK/fieZzuoDmBaE4SlVeUIN2e31xzjlr7TJJ9qNsn23K U5Fa+xii6EFAVfVvhysAAAD//3zQMU4CQRSA4X/ezrjDBgtKadREoKIyiI2xsfVC9N5A6T2INnIH JcFC+jUIxoEwvEdppUf4vn8DzMD7wqnurF584Z27HQzPR8OLwWVVNQEspbXDzEnxC1dVBNBCIBtl 8IgPfAKvT8/U9w+0Ji/0Y+Tk7BR31IbNBt6mrL6X1DmTAel18eMxh9dX+JzZzj/I2SAU+Fiy0637 SQlZJ2KMdLqdm2bVOJ7O3u9Wy8VjWVYWwoGIoPrHwR4AAP//fJU9bsJAGAVnd7VrdpXGqd2kQFQI +QAEJWVS5lwO1FTcBI7gBtHTWcaRQFYU+edzCqCLcoEpZp70/hVgrVFN0w9V9UUU2Y/Xl+f1LE0f b9WRrlUGjbb6/ojXxRiDAFoE6z0Ax6IkX34SsoxpHPP0/gaTCfQ95Dlsd1zOZwquKB8CZEvcYg71 N211YnAjTASqAVEdRhmcNXTtD3Vd45wjSZJxeAibw/4QF+VpJTKI95HWepC/LPwCAAD//3SUvQ2C UBgA7z3+ChOjjTsQjBtYaSy0M9bW2rOHTuEmNJpQEBIKVyCihQnwgM+CUh3hLrn7K8CyLGVMK0Xx wHOs7Wq5uASzqQtQVVU/RFuDgCj5eo4tgnZdDJDFMffDkcntyny3hf0e6gaiCJIE0pT368WDvvkB oMIQb7NGdUJTPMFx0EDbtIgChSAiSNehlY3WDWVZUteG0XCMH/inNs3I8/ysNZ3nuT85PwAAAP// bJYxbsJQEETf7rd/QWRxAQ4QV4gm9EGihSr3cY/EFeIzhAu4pKJ2Qw+xhDESssg3S2FSRMoR5o00 8/4FICJi1lld18Rx9DF/n+W/4du2BQGnDnumVtEeAr1xODPEe67A7mtDs1gyHSaM8k94m0JRwHYL xyPs99wOBxr60RsAfjJGsowY+PmusEhxKoTQoSgmAQBT1/vE85pVjXsInC8Ng5eENH1dl2UZVdVp JeLw3knX3f9U9QAAAP//bNU9agJRGIXh95x7JwjTiHVKUwUhbVBQF5C4jRCyk2wgIK5jVpBOcAsW 9hIdEZPJfBb5IUW6U7zNUx3/g0dSbLdv2J5Nx5PF9c2g84O3TU4ZhbD81f/ZGVBRUAOvL3OO93dM hrdcLpcwHEFVwWoFux2s17SbDR/Au0QAFzbFwyMdoNnXRLQoZ6RABilISQQJQiQJWb8XbRvalkNd U5YlV/3+c6/bfTqdjjTNZ0j+ZhsQZwAAAP//VJYxCsJQEETf7kchMVVaQU8ghtjbC4rgIQQPYONh 9BQpchcJpMsJTODHvxYJqN20bwZmRv/hwekwdd6/V3m+vmWbLPmFV1XEBBMb36B+9dCaQ/KPO5PL me1hT1QU0PdQllA9oWmgqqCu6b2nA7wIU4A0JRxPg5Fvj6jiRLAwwjqF4EAMJwFDUTFEDFXDRHFj GbdtSxLHLJbz6yyKdq+uAwyRAATA+AAAAP//RJcxDgFRFEXPe19INBQSCUIj0dKMzjb0LMKaRMMG ZhUSjWQWICoj/JnJf4o/KG7y2nOa+65+wWOc+qokz5/t2Wy6S5JlAuBfHq3tmhkm9r/NftbFOQrg vD8QNltW6zXN4wnuN0hTuFzgmkX4LKPMc97AQ5UqBFqALOZIvxdbIAA1jIrWQ8swCThR0CjCTH8R NXAOIb7e76Kg0+mOB6PhrqE68b4A3HdH8QEAAP//PJc9CsJAGETffosW2kmQnEJQEEtvIYIH8QBe xiOIhd5BwUK0SB3En0LBbHYsTNJN+QbeFGNS/eAckuL99iRJesvxeLTodDsUoWiMEWosqIvX2XkP wGm35zGfMRkMsPUa8hw2Wzgc4XyG6wWyDL1efIFvZV8LaAN+OMID8f1B1STlHLK/AWaGeU9EOMWK QZiBmUAGxIYthKAYI/0kmaZpuirLgrIM+veFHwAAAP//PJcrDsJQFETPvRDCpySIFgWsAEWoZhcQ BI4NdiEIQCIQtSiSEkLaN4hHEWNHnZnM/CPg7lZVFV3XJl+vjrP5AoTqT43juKLane3u0BJg0eZ+ u/HY7limKf3zOWJfFHA6wfUSCShLeD5RCHSJjZ8BU6A/HtNb50yAyXDAwDqorlHTYBIBQGAETE7A kcLv6RlSXJ3CQUbLTixuY5pl+1GSHF6v9z/2XwAAAP//VJfNCoJQEIU/b6mLfiCkEqFVBfZq0Wv4 EL5PuHElQbuWQssgyx+uTYurSQOzmNnMcOCcM6N64RMRKYoX2/3uGB7CAOBdlpZSyjwwDHAZEATp Lz4LHsA9itg0NUGSmH4cG8VPU8gyyHOoqt9gG3C7nAFOXXPNLpyfJTdAL+Z46xXedIK0mvbTDs6j OjT+QvoFh0oZejdNg+s4Y3/pn2x7ZGltnOQLAAD//zyXMQ4BQQBFn9kVu1MsEhqNRGxUlI5AtnUY d5AoRSIqFRdQcoxtRSI6q1iNWbOjGOMK7+f/vO87AHmeE4a12Wg0TIJQopQCYxCeBeBE5z+CbkB+ EK6bLeFux2C5hDiG/QGOR0hTuN8piwJ3UbRlhgHegP6Zo1YKsV5xO5+49Po0phO6SUKn1aQtJZ/8 xeP55G0MvuchPEFZ2mCMs09h4WqDrYP+IISPUoWpVKnUo2gcRfV5lmULKQO+AAAA//80l0FKxEAQ RV93K8MsJAoewOAwigT0FILRld5nDjIyB5krZJvNbCNCJgwmoCYqqUq76GT3l7+qePxf5nW9wRhL We5JkuvtY/pwfzyb0bYdzlrckQuMmzFqrAkoWI/1YQHl7x/F8opFdMJ5noeLr1aQZVDXMA499bBJ KyH7hfD7+1H/AB1wiM74uLtlnj5x8fJMfBlzCnxVFZ/fLbjgTYYBBkEVRBTvBRGPqqCq6ODRvh+B MNRNsyve3m+cc/wDAAD//2JiYIBUcZycHK5ammrmrOzsDD9//v6HWkKgASaoa5mYGP4xMDA86upm 4HvxjEGkuwsiP3kyA8PhwwwM797BPQpLkn8YIAXfNyTP/4Gq+cnAwPCHiYmBh4mRQYyBgUHu43sG mYMHGFjLSxguR0cz7J02k+HW918MHOLiDHw8vAx/fv+GlEEw85FzBMow2D9oLfLv/99//xh4eLg0 ePm40/7//8cJAAAA//9smDsKwkAQhr/sBhsDUUSCRtTjJEeRoJ0nEducIYcQxMY7iKCVnVusCbMW JhEf7RTD/A/4YJRzYMydOB6tp7N5CFCWD6X9P+q9n81cAbfdEKUJJCnkORQFGPPhVUPesjZAvsQ3 rbAi3MRx4YXHngcTYHzYY7MFu+WK4+lMJxrSDwIqa9tUWr5Lc6X3fgjWA5EKpTRhN8h8rQdPAAAA //9klTEKwkAQRd/GIomyNhYqWCi5gOCFxFxGm/QWHsnCA6Swk6CFpDJkZi2yuxYWAzMD8z//w/AT EUmMMdOi2OyyfEzX9+qcxAuViIbBMHAoiQd+HU/Mm4bZoYRHA1UFbfvnm3ix4Q2CKWEXygAjhkhE lbeDp59XOCaXM7d9ybW+ky0XWGvpPh0ak+DHETsloqs6ERHSPF9nabr9AgAA//9i+v37D4eAgECY nJy8AAMDA8Pvn78YmZiYoY78D/E00gjsP4Z/DP8Y/jMwMDIyfGZgYPi9cgWDgKUlA4OeHgPDvDkM DFevMhADGJEwJP4Q7P9QDBNjZoCWCQyQvgL/gd0Ml6JjGM48fc7AKyPNwMnMwvDv718GeCsfNdbh DEgKYWD6//8/AwsrKxs7B7svAAAA//9cmMEJwkAQRd9Elpx1g2cP1uHdBlKAYGOpxYsFCBaQgLGF ZP/msG5Y82Fun+HPwB8+U0mhPjb+6g++msPMNM3pj1lcLUlrpU7JHp++ZzcM1G0L4whd9y+gQE7f GdoMWXK23LwUgO9P2v754HW78xY05xMoQNCaSokRE5iEISRDMmLEYgSTaufcZQEAAP//bJgxCsJQ EETf5q8BhaCEdGlzAu8oeBI9gY2leAhzCDsrye5a5PtVsJhqm4EpZt5WKaVN27VbrRUzQ2TO3Sor qFsaQAQJkFx9z8OR9WSs+h6uFxjH7Db+ms+8+KMqJ/xWDSifZbj4uimwBB4iONCdT9x2e+5JaZqG CMMjkPwB8QhcBC9Tf4YpN2NyR1WHFwAAAP//dJmxDcJADEXfOQpEaVBCk4YskHEp2AbRkxVAYgtE cnYK507XUFh24cLf/rK/ZGnaZur6cwdga4ypUlHJoiMzwJz+gi+z5TnTD4Ofuvvj7/RL8MmXoErA hx1kio9FTmpAbcZPhAX43q68Xx9O4wWCEVfXL7nJqgQ1lN004H+IiIhUGwAAAP//fJc7DsJADETf rAgbAkpEDSfg3HCi3AEKEAhaEptinSgVxchu5yPZk7bN5tS1u/UwGN9xTNOT4/K57MhL5ZWpxAt4 A35/UB0Pxfm+/yuAFkRXQX7aM1AHcpBcilAF6pgd5ZJ8gP3tyut84QnkpkVebHMp3BfmQm7IDZfN iUwSPwAAAP//dJi9CoQwEIS//DSJcMWBD+DT+0JibWF7ELuD1cQiCUbQYrtpZnYYmNGd84P3Xh9R 2Pd4Ea/pn/KwGVV2QA3Dvwh2CyjnYJ5gXSl2eSXPw7frtU4wDcY24rQYW7qEAcI4svw2Pv0Xg+YQ IZa1SKV7Bqhc+rJIKXECAAD//3SZQQ6DQAhFH47GOIk38P5naa/QpJq0F7CJ3RgLXTBYu3BBYMGC 5H8+EKou5yE1Dbopph9ExKkugvn35mdF/QHWaaReZtJ7gcfzFP2gPKXYELiIj1pw9IF8y387tCUn 42v5C6juN+bLlbrvsZTQcjxhTnk1nwAiun+Qwr4AAAD//2yYSwqAQAhAn9OQmw7Q/Y/TOWoRLfoQ URFTC2doiHaKiPjhKTpVrb3zHgISh0OCcBtI7f8WAWgHtgHw6Adk2Si6FqbZPH8KkK+2pOdyken+ U5zUbf2xldgNsQLVdbI3DSPgVN/YIhF8YomkdS6RAyHwAAAA//90mbEOwjAMRJ+DizogFv7/pxC/ wVK1UoRyMUNjkYXNgxefLL+Tz939AZiaUA9jbIEFUIKQ0ZMEESiEc0G1ct137NjAFxqw/Pk9F050 zWxII5QCpRizaPAzUPPweTyz7wZsryfv+uG+rhQzmoQEihHJSfRRm3QGqhF8AQAA//9smMEKg0AM RN8sWz32/7+ufoKFqhez4yEuLMVAyC0w4TEJKbXq3QhZwm4QwpFiE6P+hTHI6L42yjTxcqNsO+dx 8Cz9Of7xH4cy5rgtumH2Wkkf6H38WfitX+o8U2yiRWIf+VAJiQhjK0FWGvoFAAD//4SYMQqAUAxD X1Rw8P73FBEn0zr0fxEH7VLolrTQJAMMswKljQVkkHJ5b4tQoKgPECF6qDouCzlNpedt/uo2LI/e Zx0kL1K+NEInofIf0LZyHjsa6zZEAXbW9tU0jtQyhTQBXAAAAP//bJmxDsNACEMfR7vn/7+0usam A5fkhrIwIAYs2UbwctWptUOHCr9p8gfIIiMbhIplMa3n4ziYmff/Lmmu/ovbdnjuAVd4G6J4NKG2 2gXADo63HgPj88VzMjAKoVpUXgfTMwI5kIKyKXf+AQAA//90mLsNgEAMQ99BwwrsvyEtZ5sigCIk 0qWL87WzeOpgOrFwjFxjgCBOsSml/IB16+p9J9vGpHj6+QO+J6En4q3cp9rd+sUYDfDzPzhpwmdd CQtSxW8NrNQeENUBEsOlGYaFCRcAAAD//3yYsQ6FUAhDT56+aNQ/MP7/1zk7cG/rgBpjjEM3BqAQ Wn5RYlW+FLByCkzBOG1PzVtaD5kpiQK044DnhQYIie2j+KfxuXJ+idUL7s+UO+unm/wD7TRC1xMR qVcQpmInkkNfa16Pju4AAAD//3RZQQqAQAgcPHWpB9Qnov9/qBe0bq52UMGIDqInQZRxHKlzP0V0 uMAJJ7tmUHPcHqkHFlrMrWECoMfunTADg36noHY/7ywrPmPFFwirZdEdMQFEEAQ3WDdMywy+GHJL 7Hm8Mzj7cTE33vUPAAAA//+MmjEOAjEMBIfr4IR4yP0A8f+X8AQg4eK1KZwoV1K6sXbdWDvapdT6 bK0lTw2haJjABLIAj8RLlrO72EvhCpzuD96XlQDqQsbjLnCI1EH4EYb8Y3gcDOY7HDvExGg74NvG bT3z/byQkmdIgRSYuuHeUpHPfPMDAAD//2xZsQ2AMAwzMDEy8UgvQPz/AwewoRIkEjO4oKpiyAF2 EttKejPbcjYGZRF0scagHKGcnUnXPEQH3i7BWxfYPGOEPjt7Bb6++7XVTsZf1fmABewF6c2rOw5l gKMfEClhIhF2aoFL0vsaXxNLV9Il8QAAAP//TJhBCsMwDATHvRRy76FpXxEo/f8r+ofeEogbJ3a2 B1mJjwIhBFpWy1xiXD4xzrmmpP2MiRYWVCVzbBxABFJa6Z4PlmGgw0zmi+FxR11uVI69/Krt5X3s 3tRtj/PDH8YQ/euMQJHogXC7c32/KNOI0nYoHbL5mU4FoAr5c0ESfwAAAP//TJo9CgJBDEbfTmMl WKiFpeCB9ADuob2CCFYOsusO8iWxmJWdIlVIk/Dl55FUSrnlnId5ZHTy2en1apIHQigMyeqnVxif nNkCfu2ZdnvWwJgS97lShUarTRLUWNvVW43/YybqqjsAIwtILcA7Jb4RbIDV+cLhdOT1eGIyutQh VTIsBcgX/ighA9wxt/gBAAD//0yaMQoCUQxE3y4Woo2gF/AYegbxBFt4Zi9gYWEjLKsg+P8k3yL/ y+YGmUxmYJJeys/3NF1NouvoXcI8gi8kcKP8TTe0WAWyiYWM5fnE43BkA2zduRFPTw2AVAFpYMyn 3qrRfK4NqTb9IrSlReVGRGNWCnvgu17hl4FdEp9xJLvFPaAumwNy4TMmO0IFivn9BwAA//9MmU0K wlAMhL++KxS3oguPIF7DjYfpzbyAN3DRG4hCKbX+FMybuHgpdJtFYMLMJEwSVFPfD+fxPYbW3bMy bsJyCUVlQmYlDywOAlS87jdWgJqGbrNlTdHkNYbwDBDzMJauv9zv810/s2EK0EP0+AQLvlF/pETt zg4Yjyfqw56ubXEJUsKyIQPJQOUDhBkyw5SdYoK/LC5/AAAA//9MmT0OwjAMRl8SuiAxwgkYOjMg jtUzwHVYOQwbEzBQaCqhFmQ7DCRSh2+w5ME/b/hk+xDC+IrdsW3b6L0nhCpJJkBNEBNUyzD+ZsnM UFVGMVwXWe22PJoGcYENUDnHGbjmJt65+E/W9B44m9DwzXn9ZPOFgmK2LsA8JWogrmsWhz3LYeB5 u6P5YasiiBkiRTk2wwQzEZLJYElPPwAAAP//TJk9CgJBDIW/mV2ZSvAEC97A3gMte5I9m2Bhu62K Wuj4A6uFmYnFZMFASPOavCSQ5Pm6rpJIOpxPl0FE8N77LF9UTHTUjGqZIBGsG7LtrRVjjCxSZt51 HNuWAKxVmTnHnvLSHq2CU1LPv/gA7kA0bDSfsC8j7QMMgDjHSpUQAu++p1k23La7IrcVNdi0S6PZ jrnJMlKlBJl8VWXzAwAA//9MmTEKAkEMRd8MMzYWgngDr6F3sJDF42gtVl7BQ7lgtaLsNoONgm42 sdhZsUjxISnyIZ+fxIMjhEjTNMeU0rtfl72KGqqGWF9moigdooIMTlGFzjmeVcVsFAm7LZdiwxhY mjEBavpL7is3kzK+AzegynH9yx0IGESvBkrvic6xMGMKtPsD8/WKz7kkPRIh5jdZHtVO9Of+FMXE MDFTUzBBW05A/QUAAP//TJk9CsJAEIW/bOJP7A3BznPYeRdBEG8iWNhp63U8gKKFblDEQo2iqLO7 FrtFGIZpZ97wHg+eAkjTOmX5WGpdrIwRkqSmfHpqsMYhgjcP4sFAPAUQC1HE+/NF9po8a6MWc9aD ISnQA7rAUykOleNuYV7C16+hq4J3DyBtleIcx+TW0neOrN7gN53RGY9IiiOnzY6k2QqGLfDdOL+s DwtBwPiKMCDOaRPZCc6+/gAAAP//TJo9TkJRFAbn3PtegQFiZSgQUCspaCzciYXrIbSUJvSUroRC V2CMglKSwEsMnh+KBwkb+MqZ4psCIKWCLAU/v+t5r9d9bLcvM3j871WKMmMeeBYyCTUhBYQriUyE ksqSqqpofHxyfTvge/bCe+eK++mU0W5Ly50V9dW1AfSo2BMHzuH3B+xPvWEE4s4QeACqmzs24wn9 5yfycsnX4o3UvECEWndRR1JqVm8e2wI3R8PCzMTUUPVXSWwDOAAAAP//PJoxSgNRGIS/9+fhxjLY mUIIxuwdcgFLwRNJ2lxAwTsIKXIFSR+IIpZiOoUNJO/tv2Ox7p5hBmaY+cLT4zMhBNydqqqYzabr sixvJXE8nojR+nfYLCB1MJJ6IMGsHR2aU6KwyHA6YR8H7F9WjJZLxptXipz4Bj7/lT8YHLC+H3SR 2YETF8AEuALsrODn7h4WD1zeXOPvH3y97QjFORYHeMrUaloX5Ny6VTVetwWo9oy7JG9C8rSVNDez X0n8AQAA//88mjEKwkAQRV+WTZMlhYagp/ACFoJgKeQMXsxKBcFzqBdQPEDSaKEoEZPdWYusXuG/ P82b/5/JxbFGaU1ZVstBno2zfJCCx34sKo4Q6ah4D0oJYj0oCb+4wFFr3q6lPZ3JhjmmmFNNJ1y2 O8xmTXo4MKpfADwFrgj3cOtCZ377QC+E8kkMbl5QLxaY2ZRe0/LcH7ldb8SJAaBtbCDv/ib4Jz5F bCdEvHjnXdTtlf2KiMevgl8AAAD//0ybTWrCYBCGn0liiohoNxJsL6DuBRFBD9B79EalPYcLbyB4 gNJFXbm0LlIS//LNfF18qThHeId5meF9Rj7ew8eIiKCmlMcTz1nvbTgavKYPTcqyDFBE3XWROKRH PrqjNKJamNppTcGMJGnQyDLOj11+fguK9ZrmakV7s6G1/SY+7PFObzdCnKT4/hOX0ZB8OuO6mNOZ jOmJkH9+cdjt8CZEaXJbbyvnwFsYAXNUGKZBiH9E31WKOoeaLoEX7uoPAAD//0yaTQrCUAyEv6a1 urEUVKQLQapn8RwezBN5AdeCWMEK1iL+pS8u3hNcZhsyTPhmQkECPEaS6Pl6mKrOluViU5bzVWfm K3KJEFvsozIRX4mT33MlCBYYV9Cvc0Q+fcHShGSYIeMJ1zimrS+8qyNUJ+TWIM4g7WN5jhVTekXB KMsYtHeaw572XENneDDt5eiCrxNOXlH4gHNhNsWD3g7rDFXdmdka2P4v4AsAAP//XJpLDoJQDEXP qygYV0CMOnSvJu5QB0rCVCNIwPepgz4cuIQ2N23v6S1mWZseolZVyauPza25n9ab8ljX24OlrRIs HC7mNxlYHgUQAlEE9bZ/HVh+SMQIUz+ShhH3eFKWS1aryojSfgdSIM4ahvf44c2nbemuF7ppJE5G cVQEzUnUedDNzjKkTHzzLR1SRFP82c8QQ6+q5//iAb4AAAD//2ybSQrCQBBFX3VH0CCYQ3sA957F qyieISGBpAYX1Q4Lr1AD//OH7lereQfA+v3Rl2W83R/P8+HQX4fTwDhNqPsnhOgCNRJ2FL7Bn0ZH UcuXiEQQNSPmmTI6pQgmldjVNC699QnaEGLV3CAlr7N2gLOtRkganuKOmLNJgGmT8tK7jEjuv4W2 nkJcgL/tsBcAAAD//1yaPQoCQQyFv8ysxbAI3kHYc9rbW3kyxVOoK5jMxCKx0CO8kDzyfqZfYRrY ai3SWvPHfT1fL7fdsuyP87zltT5RM6RMFHGUaCQFFaQfVApkHyd9iYikZOAIWkOouA76W5GhGVU5 3SPI8Ar4huJgpjEYYPQkvNzAPnq8JT6SAA3rkWiZG6qKuJyAw/fk/8F+AAAA//9kmrENwlAMBc9E QRFzgJiPPRANy0VihlAnoOdH4Q9KhAdw4eLZ8t2fLG0Dke77LpK9p+l5HR+p8/F0G4YDyzIjvXA0 eizjXxa0BitAEqsBZBZ4jUhw41C7QCq9pezv+jp9VTypHnO4VjWN6ymTtHCDH6Tr8vMbqwIwHHfg wlZT2tQHAAD//2yauw0CQRBD3wZ8TlwNCGqkB1JCekPoSgBCgh2bYJbVBjcd2E48ttfn8vkqerfZ Fib7/frcHstzfz6ervN04Fv/rkt9kmY39ceOQBoIyHWJpSxYgqZ4EFEoPYChg7dz6ZW8ikAZaLpA zYCjCqxmdogkJoTtO3AZwK/eDwAA//90WzEOwkAMsw8qtjJDF17ZB7B05oGIH6BjPS5xh9wVJERe ECuJFdnJ338BB5BcGoYDkaj8fC339yNP59M8jscLd3uUUtyAlNCuMqwLqEAXspsBA4Lb+wwYZGok WGNm65dhqdZJASbyN7MgSnkgahuehWmrKqNXh7tnSTcAV3yU95/K91gBAAD//3xbsQ0CQQxzEgEt eiHxy7AXKzABPUPR/wpPg3RJTJHoRQMDpLAix1Js/6/MIJEJ7mwvegDX9XUf472c5/l6Ok4XM9PS WSfJCrwr+4ctldJESyIEaBqIsI5iZw+YgaGERW+9AXrm5vd7xGbZBx0IIgMMBMKHZM0+Sd6g+vii 4U/wAPABAAD//4xbOw6AUAij6jNx1XN5JwfP5OJRXH1n8A1SHMDoZGRhL5800P4yTZG0lBoIaivl WPact3KUeeiHsW1T5wYLE+Xp+hoJAPQFALwjaPDTuGpIdBkzj3tjPxWObCLxk4hucJoHqoF0kmOG VepqEiB0ut+Vv+MCAAD//4ybsQ3CUAxE3/3y66cis7BKCnZgHCrmoskECCpIQ2RsCodI6TKCi5PP 98473+YCd4WKqLUy2zzeH89her1Ph74/d60dS1bU5ZZK/YtfkGsLJyINjJbuTuALiGETwK4hJmCR kZwnosLNFUJmlicv35ukKyoX4JNYT+wZHuAHAAD//5TbsQ3CUAwE0LsfCSLiVZiJhpUYASkDZB+q KEqZAhGEv53CLqAj3sCFT9aTveNvMH2ZRHs4Qovj+Vrv72keutNyFZGLiJybeNSl58wSEWoGJrEH LRc3qEf4GR38VGhS9fcFB9RCqAFCFWq577s/DLUneEMpY/jHXz3/1AYAAP//lJu9DYMwFITvjBUZ s0mWIgvRU2SBbJWOGoEVBLz3KEyAlglO13zF/dz/DlsuG5xziDFAVfsxpeY3Te2Q0qsqyzqE8CxI b+RDVPM676B5XpmbLFiVICzD8Aq/f6qza6kJYFxWlVkMX4p8wOIN57uzNLtvHgA2AAAA//+UmzsK gEAMRMfo5iiewMrWg3oMO0u9hoVXWFb8ZCwWXbERu8CQYiDkwZB8/g2+64T7iCqRDKoKkmEJS7ut a+e8r1S1KZyrC5FSRBSPPu4xlcV96x83ul26JSLsdpiRE3mMJHsAA3KZQYbk+WX+xyScAAAA//8D AKjbOAjYEJOaAAAAAElFTkSuQmCC "
