model	name	type	6.1	7.0	8.0	9.0	10.0	11.0	12.0
account.account	TYPE	field	type	type	type				
account.account	USER_TYPE|USER_TYPE_ID	field	user_type	user_type	user_type	user_type_id	user_type_id	user_type_id	user_type_id
account.account.type	REPORT_TYPE|TYPE	field	report_type	report_type	report_type	type	type	type	type
account.account.type	report_type	value	Asset	Asset	Asset	Current Assets	Current Assets	Current Assets	Current Assets
account.account.type	report_type	value				Fixed Assets	Fixed Assets	Fixed Assets	Fixed Assets
account.account.type	report_type	value	Income	Income	Income	Income	Income	Income	Income
account.account.type	report_type	value	Payable	Payable	Payable	Payable	Payable	Payable	Payable
account.account.type	report_type	value				Prepayments	Prepayments	Prepayments	Prepayments
account.account.type	report_type	value	Liability	Liability	Liability	Current Liabilities	Current Liabilities	Current Liabilities	Current Liabilities
account.account.type	report_type	value				Current Year Earnings	Current Year Earnings	Current Year Earnings	Current Year Earnings
account.account.type	report_type	value		Tax	Tax	Non-current Liabilities	Non-current Liabilities	Non-current Liabilities	Non-current Liabilities
account.account.type	report_type	value		Asset View	Asset View				
account.account.type	report_type	value		Income View	Income View				
account.account.type	report_type	value				Non-current Assets	Non-current Assets	Non-current Assets	Non-current Assets
account.account.type	report_type	value		Check	Check				
account.account.type	report_type	value				Cost of Revenue	Cost of Revenue	Cost of Revenue	Cost of Revenue
account.account.type	report_type	value	Root/View	Root/View	Root/View				
account.account.type	report_type	value	Cash	Cash	Cash	Credit Card	Credit Card	Credit Card	Credit Card
account.account.type	report_type	value		Expense View	Expense View				
account.account.type	report_type	value	Receivable	Receivable	Receivable	Receivable	Receivable	Receivable	Receivable
account.account.type	report_type	value	Bank	Bank	Bank	Bank and Cash	Bank and Cash	Bank and Cash	Bank and Cash
account.account.type	report_type	value				Other Income	Other Income	Other Income	Other Income
account.account.type	report_type	value	Equity	Equity	Equity	Equity	Equity	Equity	Equity
account.account.type	report_type	value		Liability View	Liability View				
account.account.type	report_type	value	Expense	Expense	Expense	Expenses	Expenses	Expenses	Expenses
account.account.type	report_type	value				Depreciation	Depreciation	Depreciation	Depreciation
account.invoice	ACTION_CANCEL|ACTION_INVOICE_CANCEL	action	action_cancel	action_cancel	action_cancel	action_cancel	action_invoice_cancel	action_invoice_cancel	action_invoice_cancel
account.invoice	INVOICE_CANCEL_DRAFT|ACTION_INVOICE_DRAFT	action	invoice_cancel_draft	invoice_cancel_draft	invoice_cancel_draft	invoice_cancel_draft	action_invoice_draft	action_invoice_draft	action_invoice_draft
account.invoice	INVOICE_OPEN|ACTION_INVOICE_OPEN	action	invoice_open	invoice_open	invoice_open	invoice_open	action_invoice_open	action_invoice_open	action_invoice_open
account.invoice	FISCAL_POSITION|FISCAL_POSITION_ID	field	fiscal_position	fiscal_position	fiscal_position	fiscal_position_id	fiscal_position_id	fiscal_position_id	fiscal_position_id
account.invoice	INTERNAL_NUMBER|MOVE_NAME	field	internal_number	internal_number	internal_number	move_name	move_name	move_name	move_name
account.invoice	PAYMENT_TERM|PAYMENT_TERM_ID	field	payment_term	payment_term	payment_term	payment_term_id	payment_term_id	payment_term_id	payment_term_id
account.invoice	SUPPLIER_INVOICE_NUMBER|REFERENCE	field	supplier_invoice_number	supplier_invoice_number	supplier_invoice_number	reference	reference	reference	reference
account_invoice_line	INVOICE_LINE_TAX_ID|INVOICE_LINE_TAX_IDS	field	invoice_line_tax_id	invoice_line_tax_id	invoice_line_tax_id	invoice_line_tax_ids	invoice_line_tax_ids	invoice_line_tax_ids	invoice_line_tax_ids
account_invoice_line	UOS_ID|UOM_ID	field	uos_id	uos_id	uos_id	uom_id	uom_id	uom_id	uom_id
account_move_line	RECONCILED|RECONCILE_ID	field	reconciled	reconciled	reconciled	reconciled	reconcile_id	reconcile_id	reconcile_id
account.tax	ACCOUNT_COLLECTED_ID|ACCOUNT_ID	field	account_collected_id	account_collected_id	account_collected_id	account_id	account_id	account_id	account_id
account.tax	ACCOUNT_PAID_ID|REFUND_ACCOUNT_ID	field	account_paid_id	account_paid_id	account_paid_id	refund_account_id	refund_account_id	refund_account_id	refund_account_id
account.tax	TYPE|AMOUNT_TYPE	field	type	type	type	amount_type	amount_type	amount_type	amount_type
account.tax	amount	value	${amount}	${amount}	${amount}	${amount}	${amount}	${amount}	${amount}
ir.model	BASE.ACTION.RULE.LEAD.TEST|BASE.AUTOMATION.LEAD.TEST	model	base.action.rule.lead.test	base.action.rule.lead.test	base.action.rule.lead.test	base.action.rule.lead.test	base.action.rule.lead.test	base.automation.lead.test	base.automation.lead.test
ir.model	BASE.ACTION.RULE.LINE.TEST|BASE.AUTOMATION.LINE.TEST	model	base.action.rule.line.test	base.action.rule.line.test	base.action.rule.line.test	base.action.rule.line.test	base.action.rule.line.test	base.automation.line.test	base.automation.line.test
ir.model	BASE.ACTION.RULE|BASE.AUTOMATION	model	base.action.rule	base.action.rule	base.action.rule	base.action.rule	base.action.rule	base.automation	base.automation
ir.model	HR.HOLIDAYS.STATUS|HR.LEAVE.TYPE	model	hr.holidays.status	hr.holidays.status	hr.holidays.status	hr.holidays.status	hr.holidays.status	hr.holidays.status	hr.leave.type
ir.model	HR.HOLIDAYS|HR.LEAVE	model	hr.holidays	hr.holidays	hr.holidays	hr.holidays	hr.holidays	hr.holidays	hr.leave
ir.model	IR.ACTIONS.REPORT.XML|IR.ACTIONS.REPORT	model	ir.actions.report.xml	ir.actions.report.xml	ir.actions.report.xml	ir.actions.report.xml	ir.actions.report.xml	ir.actions.report	ir.actions.report
ir.model	MRP.REPAIR.FEE|REPAIR.FEE	model	mrp.repair.fee	mrp.repair.fee	mrp.repair.fee	mrp.repair.fee	mrp.repair.fee	mrp.repair.fee	repair.fee
ir.model	MRP.REPAIR.LINE|REPAIR.LINE	model	mrp.repair.line	mrp.repair.line	mrp.repair.line	mrp.repair.line	mrp.repair.line	mrp.repair.line	repair.line
ir.model	MRP.REPAIR|REPAIR.ORDER	model	mrp.repair	mrp.repair	mrp.repair	mrp.repair	mrp.repair	mrp.repair	repair.order
ir.model	PROCUREMENT.RULE|STOCK.RULE	model	procurement.rule	procurement.rule	procurement.rule	procurement.rule	procurement.rule	procurement.rule	stock.rule
ir.model	PRODUCT.ATTRIBUTE.LINE|PRODUCT.TEMPLATE.ATTRIBUTE.LINE	model	product.attribute.line	product.attribute.line	product.attribute.line	product.attribute.line	product.attribute.line	product.attribute.line	product.template.attribute.line
ir.model	PRODUCT.ATTRIBUTE.PRICE|PRODUCT.TEMPLATE.ATTRIBUTE.VALUE	model	product.attribute.price	product.attribute.price	product.attribute.price	product.attribute.price	product.attribute.price	product.attribute.price	product.template.attribute.value
ir.model	PRODUCT.UOM.CATEG|UOM.CATEGORY	model	product.uom.categ	product.uom.categ	product.uom.categ	product.uom.categ	product.uom.categ	product.uom.categ	uom.category
ir.model	PRODUCT.UOM|UOM.UOM	model	product.uom	product.uom	product.uom	product.uom	product.uom	product.uom	uom.uom
ir.model	SALE.QUOTE.LINE|SALE.ORDER.TEMPLATE.LINE	model	sale.quote.line	sale.quote.line	sale.quote.line	sale.quote.line	sale.quote.line	sale.quote.line	sale.order.template.line
ir.model	SALE.QUOTE.OPTION|SALE.ORDER.TEMPLATE.OPTION	model	sale.quote.option	sale.quote.option	sale.quote.option	sale.quote.option	sale.quote.option	sale.quote.option	sale.order.template.option
ir.model	SALE.QUOTE.TEMPLATE|SALE.ORDER.TEMPLATE	model	sale.quote.template	sale.quote.template	sale.quote.template	sale.quote.template	sale.quote.template	sale.quote.template	sale.order.template
ir.model	STOCK.INCOTERMS|ACCOUNT.INCOTERMS	model	stock.incoterms	stock.incoterms	stock.incoterms	stock.incoterms	stock.incoterms	stock.incoterms	account.incoterms
ir.model	STOCK.PACK.OPERATION|STOCK.MOVE.LINE	model	stock.pack.operation	stock.pack.operation	stock.pack.operation	stock.pack.operation	stock.pack.operation	stock.move.line	stock.move.line
ir.model	STOCK.PICKING.WAVE|STOCK.PICKING.BATCH	model	stock.picking.wave	stock.picking.wave	stock.picking.wave	stock.picking.wave	stock.picking.wave	stock.picking.batch	stock.picking.batch
ir.module.module	ACCOUNT_ADVANCED_RECONCILE|ACCOUNT_MASS_RECONCILE	merge	account_advanced_reconcile	account_advanced_reconcile	account_advanced_reconcile	account_mass_reconcile	account_mass_reconcile	account_mass_reconcile	account_mass_reconcile
ir.module.module	ACCOUNT_BANK_STATEMENT_PERIOD_FROM_LINE_DATE|ACCOUNT	merge	account_bank_statement_period_from_line_date	account_bank_statement_period_from_line_date	account_bank_statement_period_from_line_date	account	account	account	account
ir.module.module	ACCOUNT_CHART|ACCOUNT	merge	account_chart	account_chart	account_chart	account	account	account	account
ir.module.module	ACCOUNT_EASY_RECONCILE|ACCOUNT_MASS_RECONCILE	merge	account_easy_reconcile	account_easy_reconcile	account_easy_reconcile	account_mass_reconcile	account_mass_reconcile	account_mass_reconcile	account_mass_reconcile
ir.module.module	ACCOUNT_FINANCIAL_REPORT_WEBKIT_XLS|ACCOUNT_FINANCIAL_REPORT_QWEB	merge	account_financial_report_webkit_xls	account_financial_report_webkit_xls	account_financial_report_webkit_xls	account_financial_report_qweb	account_financial_report_qweb	account_financial_report_qweb	account_financial_report_qweb
ir.module.module	ACCOUNT_FOLLOWUP|ACCOUNT_CREDIT_CONTROL	merge	account_followup	account_followup	account_followup	account_credit_control	account_credit_control	account_credit_control	account_credit_control
ir.module.module	ACCOUNT_FULL_RECONCILE|ACCOUNT	merge	account_full_reconcile	account_full_reconcile	account_full_reconcile	account_full_reconcile	account	account	account
ir.module.module	ACCOUNT_INVOICE_REORDER_LINES|ACCOUNT	merge	account_invoice_reorder_lines	account_invoice_reorder_lines	account_invoice_reorder_lines	account	account	account	account
ir.module.module	ACCOUNT_JOURNAL_REPORT_XLS|ACCOUNT_JOURNAL_REPORT	merge	account_journal_report_xls	account_journal_report_xls	account_journal_report_xls	account_journal_report	account_journal_report	account_journal_report	account_journal_report
ir.module.module	ACCOUNT_JOURNAL_REPORT|ACCOUNT_FINANCIAL_REPORT_QWEB	merge	account_journal_report	account_journal_report	account_journal_report	account_journal_report	account_financial_report_qweb	account_financial_report_qweb	account_financial_report_qweb
ir.module.module	ACCOUNT_MOVE_LINE_NO_DEFAULT_SEARCH|ACCOUNT	merge	account_move_line_no_default_search	account_move_line_no_default_search	account_move_line_no_default_search	account	account	account	account
ir.module.module	ACCOUNT_PAYMENT_SALE_STOCK|ACCOUNT_PAYMENT_SALE	merge	account_payment_sale_stock	account_payment_sale_stock	account_payment_sale_stock	account_payment_sale	account_payment_sale	account_payment_sale	account_payment_sale
ir.module.module	ACCOUNT_PAYMENT_TERM_MULTI_DAY|ACCOUNT_PAYMENT_TERM_EXTENSION	merge	account_payment_term_multi_day	account_payment_term_multi_day	account_payment_term_multi_day	account_payment_term_extension	account_payment_term_extension	account_payment_term_extension	account_payment_term_extension
ir.module.module	ACCOUNT_TAX_CHART_INTERVAL|ACCOUNT	merge	account_tax_chart_interval	account_tax_chart_interval	account_tax_chart_interval	account	account	account	account
ir.module.module	ACCOUNT_TAX_REPORT_NO_ZEROES|ACCOUNT	merge	account_tax_report_no_zeroes	account_tax_report_no_zeroes	account_tax_report_no_zeroes	account	account	account	account
ir.module.module	ASTERISK_CLICK2DIAL_CRM|CRM_PHONE	merge	asterisk_click2dial_crm	asterisk_click2dial_crm	asterisk_click2dial_crm	crm_phone	crm_phone	crm_phone	crm_phone
ir.module.module	BASE_CONCURRENCY|BASE	merge	base_concurrency	base_concurrency	base_concurrency	base	base	base	base
ir.module.module	BASE_DEBUG4ALL|BASE	merge	base_debug4all	base_debug4all	base_debug4all	base	base	base	base
ir.module.module	CONTACTS|MAIL	merge	contacts	contacts	contacts	mail	mail	mail	mail
ir.module.module	CRM_LEAD_LOST_REASON|CRM	merge	crm_lead_lost_reason	crm_lead_lost_reason	crm_lead_lost_reason	crm	crm	crm	crm
ir.module.module	CRON_RUN_MANUALLY|BASE	merge	cron_run_manually	cron_run_manually	cron_run_manually	base	base	base	base
ir.module.module	EMAIL_TEMPLATE|MAIL	merge	email_template	email_template	email_template	mail	mail	mail	mail
ir.module.module	HR_APPLICANT_DOCUMENT|HR_RECRUITMENT	merge	hr_applicant_document	hr_applicant_document	hr_applicant_document	hr_recruitment	hr_recruitment	hr_recruitment	hr_recruitment
ir.module.module	IM_CHAT|MAIL	merge	im_chat	im_chat	im_chat	mail	mail	mail	mail
ir.module.module	IM_ODOO_SUPPORT|IM_LIVECHAT	merge	im_odoo_support	im_odoo_support	im_odoo_support	im_odoo_support	im_livechat	im_livechat	im_livechat
ir.module.module	L10N_ES_ACCOUNT_FINANCIAL_REPORT|ACCOUNT_JOURNAL_REPORT	merge	l10n_es_account_financial_report	l10n_es_account_financial_report	l10n_es_account_financial_report	account_journal_report	account_journal_report	account_journal_report	account_journal_report
ir.module.module	MAIL_TIP|MAIL	merge	mail_tip	mail_tip	mail_tip	mail_tip	mail	mail	mail
ir.module.module	MARKETING_CRM|CRM	merge	marketing_crm	marketing_crm	marketing_crm	crm	crm	crm	crm
ir.module.module	MARKETING|MARKETING_CAMPAIGN	merge	marketing	marketing	marketing	marketing	marketing_campaign	marketing_campaign	marketing_campaign
ir.module.module	MASS_MAILING_SECURITY_GROUP|MASS_MAILING	merge	mass_mailing_security_group	mass_mailing_security_group	mass_mailing_security_group	mass_mailing_security_group	mass_mailing	mass_mailing	mass_mailing
ir.module.module	MASS_MAILING_SENDING_QUEUE|MASS_MAILING	merge	mass_mailing_sending_queue	mass_mailing_sending_queue	mass_mailing_sending_queue	mass_mailing	mass_mailing	mass_mailing	mass_mailing
ir.module.module	MRP_OPERATIONS|MRP	merge	mrp_operations	mrp_operations	mrp_operations	mrp_operations	mrp	mrp	mrp
ir.module.module	MRP_PRODUCTION_UNRESERVE|MRP	merge	mrp_production_unreserve	mrp_production_unreserve	mrp_production_unreserve	mrp_production_unreserve	mrp	mrp	mrp
ir.module.module	PARTNER_PREPAYMENT|SALE_DELIVERY_BLOCK	merge	partner_prepayment	partner_prepayment	partner_prepayment	sale_delivery_block	sale_delivery_block	sale_delivery_block	sale_delivery_block
ir.module.module	PORTAL_PROJECT_ISSUE|PROJECT_ISSUE	merge	portal_project_issue	portal_project_issue	portal_project_issue	project_issue	project_issue	project_issue	project_issue
ir.module.module	PORTAL_PROJECT|PROJECT	merge	portal_project	portal_project	portal_project	project	project	project	project
ir.module.module	PROCUREMENT_JIT_STOCK|PROCUREMENT_JIT	merge	procurement_jit_stock	procurement_jit_stock	procurement_jit_stock	procurement_jit	procurement_jit	procurement_jit	procurement_jit
ir.module.module	PRODUCT_CUSTOMER_CODE_SALE|PRODUCT_SUPPLIERINFO_FOR_CUSTOMER_SALE	merge	product_customer_code_sale	product_customer_code_sale	product_customer_code_sale	product_customer_code_sale	product_supplierinfo_for_customer_sale	product_supplierinfo_for_customer_sale	product_supplierinfo_for_customer_sale
ir.module.module	PRODUCT_PRICELIST_FIXED_PRICE|PRODUCT	merge	product_pricelist_fixed_price	product_pricelist_fixed_price	product_pricelist_fixed_price	product	product	product	product
ir.module.module	PROJECT_TIMESHEET|HR_TIMESHEET	merge	project_timesheet	project_timesheet	project_timesheet	project_timesheet	hr_timesheet	hr_timesheet	hr_timesheet
ir.module.module	PURCHASE_STOCK_PICKING_RETURN_INVOICING_OPEN_QTY|PURCHASE_STOCK_PICKING_RETURN_INVOICING	merge	purchase_stock_picking_return_invoicing_open_qty	purchase_stock_picking_return_invoicing_open_qty	purchase_stock_picking_return_invoicing_open_qty	purchase_stock_picking_return_invoicing_open_qty	purchase_stock_picking_return_invoicing	purchase_stock_picking_return_invoicing	purchase_stock_picking_return_invoicing
ir.module.module	REPORT_XLS|REPORT_XLSX	merge	report_xls	report_xls	report_xls	report_xlsx	report_xlsx	report_xlsx	report_xlsx
ir.module.module	SALE_DOCUMENTS_COMMENTS|SALE_COMMENT_PROPAGATION	merge	sale_documents_comments	sale_documents_comments	sale_documents_comments	sale_comment_propagation	sale_comment_propagation	sale_comment_propagation	sale_comment_propagation
ir.module.module	SALE_FISCAL_POSITION_UPDATE|SALE	merge	sale_fiscal_position_update	sale_fiscal_position_update	sale_fiscal_position_update	sale	sale	sale	sale
ir.module.module	SALE_JOURNAL|SALE_ORDER_TYPE	merge	sale_journal	sale_journal	sale_journal	sale_order_type	sale_order_type	sale_order_type	sale_order_type
ir.module.module	SALE_ORDER_BACK2DRAFT|SALE	merge	sale_order_back2draft	sale_order_back2draft	sale_order_back2draft	sale	sale	sale	sale
ir.module.module	SALE_SERVICE|SALE_TIMESHEET	merge	sale_service	sale_service	sale_service	sale_service	sale_timesheet	sale_timesheet	sale_timesheet
ir.module.module	SALE_STOCK_PICKING_RETURN_INVOICING|SALE_STOCK	merge	sale_stock_picking_return_invoicing	sale_stock_picking_return_invoicing	sale_stock_picking_return_invoicing	sale_stock_picking_return_invoicing	sale_stock	sale_stock	sale_stock
ir.module.module	SHARE|BASE	merge	share	share	share	share	base	base	base
ir.module.module	SHELL|BASE	merge	shell	shell	shell	base	base	base	base
ir.module.module	STOCK_DROPSHIPPING_DUAL_INVOICE|STOCK_DROPSHIPPING	merge	stock_dropshipping_dual_invoice	stock_dropshipping_dual_invoice	stock_dropshipping_dual_invoice	stock_dropshipping	stock_dropshipping	stock_dropshipping	stock_dropshipping
ir.module.module	STOCK_SCRAP|STOCK	merge	stock_scrap	stock_scrap	stock_scrap	stock_scrap	stock	stock	stock
ir.module.module	WEBSITE_BLOG_MGMT|WEBSITE_BLOG	merge	website_blog_mgmt	website_blog_mgmt	website_blog_mgmt	website_blog_mgmt	website_blog	website_blog	website_blog
ir.module.module	WEBSITE_BLOG_SHARE|WEBSITE_BLOG	merge	website_blog_share	website_blog_share	website_blog_share	website_blog_share	website_blog	website_blog	website_blog
ir.module.module	WEBSITE_EVENT_REGISTER_FREE_WITH_SALE|WEBSITE_EVENT_SALE	merge	website_event_register_free_with_sale	website_event_register_free_with_sale	website_event_register_free_with_sale	website_event_sale	website_event_sale	website_event_sale	website_event_sale
ir.module.module	WEBSITE_EVENT_REGISTER_FREE|WEBSITE_EVENT	merge	website_event_register_free	website_event_register_free	website_event_register_free	website_event	website_event	website_event	website_event
ir.module.module	WEBSITE_MAIL_SNIPPET_BG_COLOR|WEB_EDITOR_BACKGROUND_COLOR	merge	website_mail_snippet_bg_color	website_mail_snippet_bg_color	website_mail_snippet_bg_color	web_editor_background_color	web_editor_background_color	web_editor_background_color	web_editor_background_color
ir.module.module	WEBSITE_MAIL_SNIPPET_TABLE_EDIT|MASS_MAILING	merge	website_mail_snippet_table_edit	website_mail_snippet_table_edit	website_mail_snippet_table_edit	mass_mailing	mass_mailing	mass_mailing	mass_mailing
ir.module.module	WEBSITE_REPORT|REPORT	merge	website_report	website_report	website_report	report	report	report	report
ir.module.module	WEBSITE_SALE_B2C|SALE	merge	website_sale_b2c	website_sale_b2c	website_sale_b2c	website_sale_b2c	sale	sale	sale
ir.module.module	WEBSITE_SALE_COLLAPSE_CATEGORIES|WEBSITE_SALE	merge	website_sale_collapse_categories	website_sale_collapse_categories	website_sale_collapse_categories	website_sale	website_sale	website_sale	website_sale
ir.module.module	WEBSITE_SALE_STOCK_CONTROL|WEBSITE_SALE_STOCK	merge	website_sale_stock_control	website_sale_stock_control	website_sale_stock_control	website_sale_stock_control	website_sale_stock	website_sale_stock	website_sale_stock
ir.module.module	WEB_EASY_SWITCH_COMPANY|WEB	merge	web_easy_switch_company	web_easy_switch_company	web_easy_switch_company	web_easy_switch_company	web	web	web
ir.module.module	WEB_GANTT|WEB	merge	web_gantt	web_gantt	web_gantt	web	web	web	web
ir.module.module	WEB_GRAPH|WEB	merge	web_graph	web_graph	web_graph	web	web	web	web
ir.module.module	WEB_KANBAN_SPARKLINE|WEB	merge	web_kanban_sparkline	web_kanban_sparkline	web_kanban_sparkline	web	web	web	web
ir.module.module	WEB_TESTS|WEB	merge	web_tests	web_tests	web_tests	web	web	web	web
ir.module.module	WEB_TIP|WEB	merge	web_tip	web_tip	web_tip	web_tip	web	web	web
ir.module.module	WEB_VIEW_EDITOR|WEB	merge	web_view_editor	web_view_editor	web_view_editor	web_view_editor	web	web	web
ir.module.module	ACCOUNT_ANALYTIC_ANALYSIS|CONTRACT	module	account_analytic_analysis	account_analytic_analysis	account_analytic_analysis	contract	contract	contract	contract
ir.module.module	ACCOUNT_ANALYTIC_PLANS|ACCOUNT_ANALYTIC_DISTRIBUTION	module	account_analytic_plans	account_analytic_plans	account_analytic_plans	account_analytic_distribution	account_analytic_distribution	account_analytic_distribution	account_analytic_distribution
ir.module.module	ACCOUNT_ANALYTIC_PLAN_REQUIRED|ACCOUNT_ANALYTIC_DISTRIBUTION_REQUIRED	module	account_analytic_plan_required	account_analytic_plan_required	account_analytic_plan_required	account_analytic_distribution_required	account_analytic_distribution_required	account_analytic_distribution_required	account_analytic_distribution_required
ir.module.module	ACCOUNT_BALANCE_REPORTING_XLS|ACCOUNT_BALANCE_REPORTING_XLSX	module	account_balance_reporting_xls	account_balance_reporting_xls	account_balance_reporting_xls	account_balance_reporting_xlsx	account_balance_reporting_xlsx	account_balance_reporting_xlsx	account_balance_reporting_xlsx
ir.module.module	ACCOUNT_BANKING	module	account_banking	account_banking	account_banking	account_banking	account_banking	account_banking	account_banking
ir.module.module	ACCOUNT_BANKING_CAMT	module	account_banking_camt	account_banking_camt	account_banking_camt	account_banking_camt	account_banking_camt	account_banking_camt	account_banking_camt
ir.module.module	ACCOUNT_BANKING_CAMT|ACCOUNT_BANK_STATEMENT_IMPORT_CAMT	module	account_banking_camt	account_banking_camt	account_banking_camt	account_banking_camt	account_bank_statement_import_camt	account_bank_statement_import_camt	account_bank_statement_import_camt
ir.module.module	ACCOUNT_BANKING_MT940	module	account_banking_mt940	account_banking_mt940	account_banking_mt940	account_banking_mt940	account_banking_mt940	account_banking_mt940	account_banking_mt940
ir.module.module	ACCOUNT_BANKING_MT940|ACCOUNT_BANK_STATEMENT_IMPORT_MT940_BASE	module	account_banking_mt940	account_banking_mt940	account_banking_mt940	account_banking_mt940	account_bank_statement_import_mt940_base	account_bank_statement_import_mt940_base	account_bank_statement_import_mt940_base
ir.module.module	ACCOUNT_BANKING_NL_ING_MT940	module	account_banking_nl_ing_mt940	account_banking_nl_ing_mt940	account_banking_nl_ing_mt940	account_banking_nl_ing_mt940	account_banking_nl_ing_mt940	account_banking_nl_ing_mt940	account_banking_nl_ing_mt940
ir.module.module	ACCOUNT_BANKING_NL_ING_MT940|ACCOUNT_BANK_STATEMENT_IMPORT_MT940_NL_ING	module	account_banking_nl_ing_mt940	account_banking_nl_ing_mt940	account_banking_nl_ing_mt940	account_banking_nl_ing_mt940	account_bank_statement_import_mt940_nl_ing	account_bank_statement_import_mt940_nl_ing	account_bank_statement_import_mt940_nl_ing
ir.module.module	ACCOUNT_BANKING_NL_RABO_MT940	module	account_banking_nl_rabo_mt940	account_banking_nl_rabo_mt940	account_banking_nl_rabo_mt940	account_banking_nl_rabo_mt940	account_banking_nl_rabo_mt940	account_banking_nl_rabo_mt940	account_banking_nl_rabo_mt940
ir.module.module	ACCOUNT_BANKING_NL_RABO_MT940|ACCOUNT_BANK_STATEMENT_IMPORT_MT940_NL_RABO	module	account_banking_nl_rabo_mt940	account_banking_nl_rabo_mt940	account_banking_nl_rabo_mt940	account_banking_nl_rabo_mt940	account_bank_statement_import_mt940_nl_rabo	account_bank_statement_import_mt940_nl_rabo	account_bank_statement_import_mt940_nl_rabo
ir.module.module	ACCOUNT_BANKING|ACCOUNT_BANK_STATEMENT_IMPORT	module	account_banking	account_banking	account_banking	account_banking	account_bank_statement_import	account_bank_statement_import	account_bank_statement_import
ir.module.module	ACCOUNT_CASH_BASIS_BASE_ACCOUNT|ACCOUNT	module	account_cash_basis_base_account	account_cash_basis_base_account	account_cash_basis_base_account	account_cash_basis_base_account	account_cash_basis_base_account	account_cash_basis_base_account	account
ir.module.module	ACCOUNT_CHECK_WRITING|ACCOUNT_CHECK_PRINTING	module	account_check_writing	account_check_writing	account_check_writing	account_check_printing	account_check_printing	account_check_printing	account_check_printing
ir.module.module	ACCOUNT_DUE_LIST_AGING_COMMENTS|ACCOUNT_DUE_LIST_AGING_COMMENT	module	account_due_list_aging_comments	account_due_list_aging_comments	account_due_list_aging_comments	account_due_list_aging_comments	account_due_list_aging_comments	account_due_list_aging_comment	account_due_list_aging_comment
ir.module.module	ACCOUNT_FINANCIAL_REPORT_QWEB|ACCOUNT_FINANCIAL_REPORT	module	account_financial_report_qweb	account_financial_report_qweb	account_financial_report_qweb	account_financial_report_qweb	account_financial_report_qweb	account_financial_report	account_financial_report
ir.module.module	ACCOUNT_FINANCIAL_REPORT_WEBKIT|ACCOUNT_FINANCIAL_REPORT_QWEB	module	account_financial_report_webkit	account_financial_report_webkit	account_financial_report_webkit	account_financial_report_qweb	account_financial_report_qweb	account_financial_report_qweb	account_financial_report_qweb
ir.module.module	ACCOUNT_GROUP|ACCOUNT	module	account_group	account_group	account_group	account_group	account_group	account	account
ir.module.module	ACCOUNT_INVOICE_GROUP_PICKING|ACCOUNT_INVOICE_REPORT_GROUPED_BY_PICKING	module	account_invoice_group_picking	account_invoice_group_picking	account_invoice_group_picking	account_invoice_group_picking	account_invoice_report_grouped_by_picking	account_invoice_report_grouped_by_picking	account_invoice_report_grouped_by_picking
ir.module.module	ACCOUNT_INVOICE_ZERO	module	account_invoice_zero	account_invoice_zero	account_invoice_zero	account_invoice_zero	account_invoice_zero	account_invoice_zero	account_invoice_zero
ir.module.module	ACCOUNT_INVOICE_ZERO|ACCOUNT_INVOICE_ZERO_AUTOPAY	module	account_invoice_zero	account_invoice_zero	account_invoice_zero	account_invoice_zero	account_invoice_zero_autopay	account_invoice_zero_autopay	account_invoice_zero_autopay
ir.module.module	ACCOUNT_INVOICING|ACCOUNT	module	account_invoicing	account_invoicing	account_invoicing	account_invoicing	account_invoicing	account_invoicing	account
ir.module.module	ACCOUNT_JOURNAL_REPORT_XLS|ACCOUNT_JOURNAL_REPORT	module	account_journal_report_xls	account_journal_report_xls	account_journal_report_xls	account_journal_report	account_journal_report	account_journal_report	account_journal_report
ir.module.module	ACCOUNT_PAYMENT_RETURN_IMPORT_SEPA_PAIN|ACCOUNT_PAYMENT_RETURN_IMPORT_ISO20022	module	account_payment_return_import_sepa_pain	account_payment_return_import_sepa_pain	account_payment_return_import_sepa_pain	account_payment_return_import_sepa_pain	account_payment_return_import_sepa_pain	account_payment_return_import_sepa_pain	account_payment_return_import_iso20022
ir.module.module	ACCOUNT_PAYMENT|ACCOUNT_PAYMENT_ORDER	module	account_payment	account_payment	account_payment	account_payment_order	account_payment_order	account_payment_order	account_payment_order
ir.module.module	ACCOUNT_REFUND_ORIGINAL|ACCOUNT_INVOICE_REFUND_LINK	module	account_refund_original	account_refund_original	account_refund_original	account_invoice_refund_link	account_invoice_refund_link	account_invoice_refund_link	account_invoice_refund_link
ir.module.module	ACCOUNT_REVERSAL|ACCOUNT	module	account_reversal	account_reversal	account_reversal	account_reversal	account_reversal	account_reversal	account
ir.module.module	ACCOUNT_TAX_CASH_BASIS|ACCOUNT	module	account_tax_cash_basis	account_tax_cash_basis	account_tax_cash_basis	account_tax_cash_basis	account_tax_cash_basis	account	account
ir.module.module	AUDITTRAIL	module	audittrail	audittrail	audittrail	audittrail	audittrail	audittrail	audittrail
ir.module.module	AUDITTRAIL|AUDITLOG	module	audittrail	audittrail	audittrail	audittrail	auditlog	auditlog	auditlog
ir.module.module	AUTH_BRUTE_FORCE|BASE	module	auth_brute_force	auth_brute_force	auth_brute_force	auth_brute_force	auth_brute_force	auth_brute_force	base
ir.module.module	AUTH_CRYPT|BASE	module	auth_crypt	auth_crypt	auth_crypt	auth_crypt	auth_crypt	auth_crypt	base
ir.module.module	BASE_ACTION_RULE|BASE_AUTOMATION	module	base_action_rule	base_action_rule	base_action_rule	base_action_rule	base_action_rule	base_automation	base_automation
ir.module.module	BASE_CALENDAR	module	base_calendar	base_calendar	base_calendar	base_calendar	base_calendar	base_calendar	base_calendar
ir.module.module	BASE_CALENDAR|CALENDAR	module	base_calendar	base_calendar	base_calendar	base_calendar	calendar	calendar	calendar
ir.module.module	BASE_CONDITION_TEMPLATE	module	base_condition_template	base_condition_template	base_condition_template	base_condition_template	base_condition_template	base_condition_template	base_condition_template
ir.module.module	BASE_CONDITION_TEMPLATE|BASE_COMMENT_TEMPLATE	module	base_condition_template	base_condition_template	base_condition_template	base_condition_template	base_comment_template	base_comment_template	base_comment_template
ir.module.module	BASE_PARTNER_MERGE|BASE	module	base_partner_merge	base_partner_merge	base_partner_merge	base_partner_merge	base_partner_merge	base_partner_merge	base
ir.module.module	BASE_VAT_AUTOCOMPLETE|PARTNER_AUTOCOMPLETE	module	base_vat_autocomplete	base_vat_autocomplete	base_vat_autocomplete	base_vat_autocomplete	base_vat_autocomplete	base_vat_autocomplete	partner_autocomplete
ir.module.module	CONNECTOR|QUEUE_JOB	module	connector	connector	connector	connector	queue_job	queue_job	queue_job
ir.module.module	CONTRACT_RECURRING_PLANS|CONTRACT_RECURRING_ANALYTIC_DISTRIBUTION	module	contract_recurring_plans	contract_recurring_plans	contract_recurring_plans	contract_recurring_analytic_distribution	contract_recurring_analytic_distribution	contract_recurring_analytic_distribution	contract_recurring_analytic_distribution
ir.module.module	CRM_DEDUPLICATE_ACL|PARTNER_DEDUPLICATE_ACL	module	crm_deduplicate_acl	crm_deduplicate_acl	crm_deduplicate_acl	crm_deduplicate_acl	crm_deduplicate_acl	crm_deduplicate_acl	partner_deduplicate_acl
ir.module.module	CRM_DEDUPLICATE_FILTER|PARTNER_DEDUPLICATE_FILTER	module	crm_deduplicate_filter	crm_deduplicate_filter	crm_deduplicate_filter	crm_deduplicate_filter	crm_deduplicate_filter	crm_deduplicate_filter	partner_deduplicate_filter
ir.module.module	CRM_LEAD_WEBSITE|CRM	module	crm_lead_website	crm_lead_website	crm_lead_website	crm_lead_website	crm_lead_website	crm	crm
ir.module.module	CRM_PROJECT_ISSUE|CRM_PROJECT	module	crm_project_issue	crm_project_issue	crm_project_issue	crm_project_issue	crm_project_issue	crm_project	crm_project
ir.module.module	CRM_SECTOR|CRM_INDUSTRY	module	crm_sector	crm_sector	crm_sector	crm_sector	crm_sector	crm_industry	crm_industry
ir.module.module	DISABLE_OPENERP_ONLINE|DISABLE_ODOO_ONLINE	module	disable_openerp_online	disable_openerp_online	disable_openerp_online	disable_odoo_online	disable_odoo_online	disable_odoo_online	disable_odoo_online
ir.module.module	HR_EXPENSE_ANALYTIC_PLANS|HR_EXPENSE_ANALYTIC_DISTRIBUTION	module	hr_expense_analytic_plans	hr_expense_analytic_plans	hr_expense_analytic_plans	hr_expense_analytic_distribution	hr_expense_analytic_distribution	hr_expense_analytic_distribution	hr_expense_analytic_distribution
ir.module.module	HR_HOLIDAY_NOTIFY_EMPLOYEE_MANAGER|HR_HOLIDAYS_NOTIFY_EMPLOYEE_MANAGER	module	hr_holiday_notify_employee_manager	hr_holiday_notify_employee_manager	hr_holiday_notify_employee_manager	hr_holiday_notify_employee_manager	hr_holidays_notify_employee_manager	hr_holidays_notify_employee_manager	hr_holidays_notify_employee_manager
ir.module.module	HR_PUBLIC_HOLIDAYS|HR_HOLIDAYS_PUBLIC	module	hr_public_holidays	hr_public_holidays	hr_public_holidays	hr_public_holidays	hr_public_holidays	hr_holidays_public	hr_holidays_public
ir.module.module	HR_TIMESHEET_HOLIDAYS	module	hr_timesheet_holidays	hr_timesheet_holidays	hr_timesheet_holidays	hr_timesheet_holidays	hr_timesheet_holidays	hr_timesheet_holidays	hr_timesheet_holidays
ir.module.module	HR_TIMESHEET_HOLIDAYS|HR_TIMESHEET_HOLIDAY	module	hr_timesheet_holidays	hr_timesheet_holidays	hr_timesheet_holidays	hr_timesheet_holidays	hr_timesheet_holiday	hr_timesheet_holiday	hr_timesheet_holiday
ir.module.module	HR_TIMESHEET_SHEET_RESTRICT_ANALYTIC|HR_TIMESHEET_SHEET_RESTRICT_PROJECT	module	hr_timesheet_sheet_restrict_analytic	hr_timesheet_sheet_restrict_analytic	hr_timesheet_sheet_restrict_analytic	hr_timesheet_sheet_restrict_analytic	hr_timesheet_sheet_restrict_project	hr_timesheet_sheet_restrict_project	hr_timesheet_sheet_restrict_project
ir.module.module	HR_TIMESHEET_SHEET_WEEK_START_DAY|HR_TIMESHEET_SHEET	module	hr_timesheet_sheet_week_start_day	hr_timesheet_sheet_week_start_day	hr_timesheet_sheet_week_start_day	hr_timesheet_sheet_week_start_day	hr_timesheet_sheet_week_start_day	hr_timesheet_sheet	hr_timesheet_sheet
ir.module.module	INACTIVE_SESSION_TIMEOUT|AUTH_SESSION_TIMEOUT	module	inactive_session_timeout	inactive_session_timeout	inactive_session_timeout	auth_session_timeout	auth_session_timeout	auth_session_timeout	auth_session_timeout
ir.module.module	INVOICE_COMMENT_TEMPLATE|ACCOUNT_INVOICE_COMMENT_TEMPLATE	module	invoice_comment_template	invoice_comment_template	invoice_comment_template	invoice_comment_template	invoice_comment_template	account_invoice_comment_template	account_invoice_comment_template
ir.module.module	INVOICE_FISCAL_POSITION_UPDATE|ACCOUNT_INVOICE_FISCAL_POSITION_UPDATE	module	invoice_fiscal_position_update	invoice_fiscal_position_update	invoice_fiscal_position_update	account_invoice_fiscal_position_update	account_invoice_fiscal_position_update	account_invoice_fiscal_position_update	account_invoice_fiscal_position_update
ir.module.module	INVOICE_VALIDATION_WKFL	module	invoice_validation_wkfl	invoice_validation_wkfl	invoice_validation_wkfl	invoice_validation_wkfl	invoice_validation_wkfl	invoice_validation_wkfl	invoice_validation_wkfl
ir.module.module	INVOICE_VALIDATION_WKFL|ACCOUNT_INVOICE_VALIDATION_WORKFLOW	module	invoice_validation_wkfl	invoice_validation_wkfl	invoice_validation_wkfl	invoice_validation_wkfl	account_invoice_validation_workflow	account_invoice_validation_workflow	account_invoice_validation_workflow
ir.module.module	L10N_ES_FISCAL_YEAR_CLOSING|L10N_ES_ACCOUNT_FISCAL_YEAR_CLOSING	module	l10n_es_fiscal_year_closing	l10n_es_fiscal_year_closing	l10n_es_fiscal_year_closing	l10n_es_account_fiscal_year_closing	l10n_es_account_fiscal_year_closing	l10n_es_account_fiscal_year_closing	l10n_es_account_fiscal_year_closing
ir.module.module	L10N_IT_DDT_WEBKIT|L10N_IT_DDT	module	l10n_it_DDT_webkit	l10n_it_DDT_webkit	l10n_it_ddt	l10n_it_ddt	l10n_it_ddt	l10n_it_ddt	l10n_it_ddt
ir.module.module	MAIL_ACTIVITY_CALENDAR|CALENDAR	module	mail_activity_calendar	mail_activity_calendar	mail_activity_calendar	mail_activity_calendar	mail_activity_calendar	calendar	calendar
ir.module.module	MAIL_ACTIVITY_CRM|CRM	module	mail_activity_crm	mail_activity_crm	mail_activity_crm	mail_activity_crm	mail_activity_crm	crm	crm
ir.module.module	MAIL_ACTIVITY|MAIL	module	mail_activity	mail_activity	mail_activity	mail_activity	mail_activity	mail	mail
ir.module.module	MAIL_LOG_MESSAGES_TO_PROCESS|MAIL_LOG_MESSAGE_TO_PROCESS	module	mail_log_messages_to_process	mail_log_messages_to_process	mail_log_messages_to_process	mail_log_messages_to_process	mail_log_message_to_process	mail_log_message_to_process	mail_log_message_to_process
ir.module.module	MAIL_LOG_MESSAGE_TO_PROCESS|FETCHMAIL_INCOMING_LOG	module	mail_log_message_to_process	mail_log_message_to_process	mail_log_message_to_process	mail_log_message_to_process	mail_log_message_to_process	fetchmail_incoming_log	fetchmail_incoming_log
ir.module.module	MAIL_MESSAGE_NAME_SEARCH|BASE_SEARCH_MAIL_CONTENT	module	mail_message_name_search	mail_message_name_search	mail_message_name_search	base_search_mail_content	base_search_mail_content	base_search_mail_content	base_search_mail_content
ir.module.module	MARKETING_SECURITY_GROUP|MASS_MAILING_SECURITY_GROUP	module	marketing_security_group	marketing_security_group	marketing_security_group	mass_mailing_security_group	mass_mailing_security_group	mass_mailing_security_group	mass_mailing_security_group
ir.module.module	MEMBERSHIP_PRORRATE_VARIABLE_PERIOD|MEMBERSHIP_PRORATE_VARIABLE_PERIOD	module	membership_prorrate_variable_period	membership_prorrate_variable_period	membership_prorrate_variable_period	membership_prorrate_variable_period	membership_prorrate_variable_period	membership_prorate_variable_period	membership_prorate_variable_period
ir.module.module	MEMBERSHIP_PRORRATE|MEMBERSHIP_PRORATE	module	membership_prorrate	membership_prorrate	membership_prorrate	membership_prorrate	membership_prorrate	membership_prorate	membership_prorate
ir.module.module	MRP_BOM_STRUCTURE_XLS_LEVEL_1|MRP_BOM_STRUCTURE_XLSX_LEVEL_1	module	mrp_bom_structure_xls_level_1	mrp_bom_structure_xls_level_1	mrp_bom_structure_xls_level_1	mrp_bom_structure_xlsx_level_1	mrp_bom_structure_xlsx_level_1	mrp_bom_structure_xlsx_level_1	mrp_bom_structure_xlsx_level_1
ir.module.module	MRP_BOM_STRUCTURE_XLS|MRP_BOM_STRUCTURE_XLSX	module	mrp_bom_structure_xls	mrp_bom_structure_xls	mrp_bom_structure_xls	mrp_bom_structure_xlsx	mrp_bom_structure_xlsx	mrp_bom_structure_xlsx	mrp_bom_structure_xlsx
ir.module.module	MRP_JIT	module	mrp_jit	mrp_jit	mrp_jit	mrp_jit	mrp_jit	mrp_jit	mrp_jit
ir.module.module	MRP_JIT|PROCUREMENT_JIT	module	mrp_jit	mrp_jit	mrp_jit	mrp_jit	procurement_jit	procurement_jit	procurement_jit
ir.module.module	MRP_REPAIR|REPAIR	module	mrp_repair	mrp_repair	mrp_repair	mrp_repair	mrp_repair	mrp_repair	repair
ir.module.module	PARTNER_EXTERNAL_MAPS|PARTNER_EXTERNAL_MAP	module	partner_external_maps	partner_external_maps	partner_external_maps	partner_external_map	partner_external_map	partner_external_map	partner_external_map
ir.module.module	PARTNER_FINANCIAL_RISK|ACCOUNT_FINANCIAL_RISK	module	partner_financial_risk	partner_financial_risk	partner_financial_risk	partner_financial_risk	partner_financial_risk	account_financial_risk	account_financial_risk
ir.module.module	PARTNER_PAYMENT_RETURN_RISK|ACCOUNT_PAYMENT_RETURN_FINANCIAL_RISK	module	partner_payment_return_risk	partner_payment_return_risk	partner_payment_return_risk	partner_payment_return_risk	partner_payment_return_risk	account_payment_return_financial_risk	account_payment_return_financial_risk
ir.module.module	PARTNER_RELATIONS|PARTNER_MULTI_RELATION	module	partner_relations	partner_relations	partner_relations	partner_multi_relation	partner_multi_relation	partner_multi_relation	partner_multi_relation
ir.module.module	PARTNER_SALE_RISK|SALE_FINANCIAL_RISK	module	partner_sale_risk	partner_sale_risk	partner_sale_risk	partner_sale_risk	partner_sale_risk	sale_financial_risk	sale_financial_risk
ir.module.module	PARTNER_SECTOR|PARTNER_INDUSTRY_SECONDARY	module	partner_sector	partner_sector	partner_sector	partner_sector	partner_sector	partner_industry_secondary	partner_industry_secondary
ir.module.module	PAYDAYS	module	paydays	paydays	paydays	paydays	paydays	paydays	paydays
ir.module.module	PAYDAYS|ACCOUNT_PAYMENT_TERM_MULTI_DAY	module	paydays	paydays	paydays	paydays	account_payment_term_multi_day	account_payment_term_multi_day	account_payment_term_multi_day
ir.module.module	PORTAL_CLAIM|WEBSITE_CRM_CLAIM	module	portal_claim	portal_claim	portal_claim	website_crm_claim	website_crm_claim	website_crm_claim	website_crm_claim
ir.module.module	PORTAL_GAMIFICATION|GAMIFICATION	module	portal_gamification	portal_gamification	portal_gamification	portal_gamification	portal_gamification	gamification	gamification
ir.module.module	PORTAL_PAYMENT_MODE|ACCOUNT_PAYMENT_MODE	module	portal_payment_mode	portal_payment_mode	portal_payment_mode	portal_payment_mode	portal_payment_mode	account_payment_mode	account_payment_mode
ir.module.module	PORTAL_SALE|SALE	module	portal_sale	portal_sale	portal_sale	portal_sale	portal_sale	sale	sale
ir.module.module	PORTAL_STOCK|PORTAL	module	portal_stock	portal_stock	portal_stock	portal_stock	portal_stock	portal	portal
ir.module.module	PROCUREMENT|STOCK	module	procurement	procurement	procurement	procurement	procurement	stock	stock
ir.module.module	PRODUCT_BARCODE_GENERATOR|BARCODES_GENERATOR_PRODUCT	module	product_barcode_generator	product_barcode_generator	product_barcode_generator	barcodes_generator_product	barcodes_generator_product	barcodes_generator_product	barcodes_generator_product
ir.module.module	PRODUCT_BRAND_INVOICE_REPORT|PRODUCT_BRAND	module	product_brand_invoice_report	product_brand_invoice_report	product_brand_invoice_report	product_brand_invoice_report	product_brand_invoice_report	product_brand	product_brand
ir.module.module	PRODUCT_BRAND_SALE_REPORT|PRODUCT_BRAND	module	product_brand_sale_report	product_brand_sale_report	product_brand_sale_report	product_brand_sale_report	product_brand_sale_report	product_brand	product_brand
ir.module.module	PRODUCT_BY_SUPPLIER|PURCHASE	module	product_by_supplier	product_by_supplier	product_by_supplier	product_by_supplier	product_by_supplier	purchase	purchase
ir.module.module	PRODUCT_CUSTOMER_CODE_PICKING|PRODUCT_SUPPLIERINFO_FOR_CUSTOMER_PICKING	module	product_customer_code_picking	product_customer_code_picking	product_customer_code_picking	product_customer_code_picking	product_supplierinfo_for_customer_picking	product_supplierinfo_for_customer_picking	product_supplierinfo_for_customer_picking
ir.module.module	PRODUCT_EXTENDED|MRP_BOM_COST	module	product_extended	product_extended	product_extended	product_extended	product_extended	product_extended	mrp_bom_cost
ir.module.module	PRODUCT_IMAGES	module	product_images	product_images	product_images	product_images	product_images	product_images	product_images
ir.module.module	PRODUCT_IMAGES|PRODUCT_MULTI_IMAGE	module	product_images	product_images	product_images	product_images	product_multi_image	product_multi_image	product_multi_image
ir.module.module	PRODUCT_LINKS|PRODUCT_MULTI_LINK	module	product_links	product_links	product_links	product_multi_link	product_multi_link	product_multi_link	product_multi_link
ir.module.module	PRODUCT_M2M_CATEGORIES|PRODUCT_MULTI_CATEGORY	module	product_m2m_categories	product_m2m_categories	product_m2m_categories	product_multi_category	product_multi_category	product_multi_category	product_multi_category
ir.module.module	PRODUCT_UOM_UNECE|UOM_UNECE	module	product_uom_unece	product_uom_unece	product_uom_unece	product_uom_unece	product_uom_unece	product_uom_unece	uom_unece
ir.module.module	PRODUCT_UOM|PRODUCT_UOM_EXTRA_DATA	module	product_uom	product_uom	product_uom	product_uom	product_uom	product_uom_extra_data	product_uom_extra_data
ir.module.module	PRODUCT_VARIANTS_NO_AUTOMATIC_CREATION|PRODUCT_VARIANT_CONFIGURATOR	module	product_variants_no_automatic_creation	product_variants_no_automatic_creation	product_variants_no_automatic_creation	product_variant_configurator	product_variant_configurator	product_variant_configurator	product_variant_configurator
ir.module.module	PRODUCT_VARIANT_SUPPLIERINFO|PRODUCT	module	product_variant_supplierinfo	product_variant_supplierinfo	product_variant_supplierinfo	product_variant_supplierinfo	product_variant_supplierinfo	product	product
ir.module.module	PROJECT_ISSUE_SHEET|HR_TIMESHEET	module	project_issue_sheet	project_issue_sheet	project_issue_sheet	project_issue_sheet	project_issue_sheet	hr_timesheet	hr_timesheet
ir.module.module	PROJECT_ISSUE_TIMESHEET_TIME_CONTROL|PROJECT_TIMESHEET_TIME_CONTROL	module	project_issue_timesheet_time_control	project_issue_timesheet_time_control	project_issue_timesheet_time_control	project_issue_timesheet_time_control	project_issue_timesheet_time_control	project_timesheet_time_control	project_timesheet_time_control
ir.module.module	PROJECT_ISSUE|PROJECT	module	project_issue	project_issue	project_issue	project_issue	project_issue	project	project
ir.module.module	PROJECT_MRP	module	project_mrp	project_mrp	project_mrp	project_mrp	project_mrp	project_mrp	project_mrp
ir.module.module	PROJECT_MRP|SALE_SERVICE	module	project_mrp	project_mrp	project_mrp	project_mrp	sale_service	sale_service	sale_service
ir.module.module	PROJECT_TASK_MATERIALS|PROJECT_TASK_MATERIAL	module	project_task_materials	project_task_materials	project_task_materials	project_task_materials	project_task_material	project_task_material	project_task_material
ir.module.module	PROJECT_WORK_TIME_CONTROL|PROJECT_TIMESHEET_TIME_CONTROL	module	project_work_time_control	project_work_time_control	project_work_time_control	project_timesheet_time_control	project_timesheet_time_control	project_timesheet_time_control	project_timesheet_time_control
ir.module.module	PURCHASE_ANALYTIC_PLANS|PURCHASE_ANALYTIC_DISTRIBUTION	module	purchase_analytic_plans	purchase_analytic_plans	purchase_analytic_plans	purchase_analytic_distribution	purchase_analytic_distribution	purchase_analytic_distribution	purchase_analytic_distribution
ir.module.module	PURCHASE_ORDER_REORDER_LINES|PURCHASE_ORDER_LINE_SEQUENCE	module	purchase_order_reorder_lines	purchase_order_reorder_lines	purchase_order_reorder_lines	purchase_order_line_sequence	purchase_order_line_sequence	purchase_order_line_sequence	purchase_order_line_sequence
ir.module.module	PURCHASE_PRODUCT_VARIANTS|PURCHASE_VARIANT_CONFIGURATOR	module	purchase_product_variants	purchase_product_variants	purchase_product_variants	purchase_variant_configurator	purchase_variant_configurator	purchase_variant_configurator	purchase_variant_configurator
ir.module.module	PURCHASE_REPORTING_WEIGHT|PRODUCT_WEIGHT_THROUGH_UOM	module	purchase_reporting_weight	purchase_reporting_weight	purchase_reporting_weight	purchase_reporting_weight	purchase_reporting_weight	product_weight_through_uom	product_weight_through_uom
ir.module.module	PURCHASE_REQUEST_PROCUREMENT|PURCHASE_REQUEST	module	purchase_request_procurement	purchase_request_procurement	purchase_request_procurement	purchase_request_procurement	purchase_request_procurement	purchase_request	purchase_request
ir.module.module	PURCHASE_REQUEST_TO_RFQ_ORDER_APPROVED|PURCHASE_REQUEST_ORDER_APPROVED	module	purchase_request_to_rfq_order_approved	purchase_request_to_rfq_order_approved	purchase_request_to_rfq_order_approved	purchase_request_to_rfq_order_approved	purchase_request_to_rfq_order_approved	purchase_request_order_approved	purchase_request_order_approved
ir.module.module	PURCHASE_REQUEST_TO_RFQ|PURCHASE_REQUEST	module	purchase_request_to_rfq	purchase_request_to_rfq	purchase_request_to_rfq	purchase_request_to_rfq	purchase_request_to_rfq	purchase_request	purchase_request
ir.module.module	RATING_PROJECT|PROJECT	module	rating_project	rating_project	rating_project	rating_project	rating_project	rating_project	project
ir.module.module	REPORT_MRP_BOM_MATRIX|MRP_BOM_MATRIX_REPORT	module	report_mrp_bom_matrix	report_mrp_bom_matrix	report_mrp_bom_matrix	report_mrp_bom_matrix	mrp_bom_matrix_report	mrp_bom_matrix_report	mrp_bom_matrix_report
ir.module.module	REPORT|BASE	module	report	report	report	report	report	base	base
ir.module.module	RES_PARTNER_AFFILIATE|PARTNER_AFFILIATE	module	res_partner_affiliate	res_partner_affiliate	res_partner_affiliate	res_partner_affiliate	partner_affiliate	partner_affiliate	partner_affiliate
ir.module.module	RUNBOT_SECURE|RUNBOT_RELATIVE	module	runbot_secure	runbot_secure	runbot_secure	runbot_relative	runbot_relative	runbot_relative	runbot_relative
ir.module.module	SALE_ANALYTIC_PLANS|SALE_ANALYTIC_DISTRIBUTION	module	sale_analytic_plans	sale_analytic_plans	sale_analytic_plans	sale_analytic_distribution	sale_analytic_distribution	sale_analytic_distribution	sale_analytic_distribution
ir.module.module	SALE_CONDITION_TEMPLATE	module	sale_condition_template	sale_condition_template	sale_condition_template	sale_condition_template	sale_condition_template	sale_condition_template	sale_condition_template
ir.module.module	SALE_CONDITION_TEMPLATE|SALE_COMMENT_TEMPLATE	module	sale_condition_template	sale_condition_template	sale_condition_template	sale_condition_template	sale_comment_template	sale_comment_template	sale_comment_template
ir.module.module	SALE_DELIVERY_BLOCK_PROC_GROUP_BY_LINE|SALE_STOCK_PICKING_BLOCKING_PROC_GROUP_BY_LINE	module	sale_delivery_block_proc_group_by_line	sale_delivery_block_proc_group_by_line	sale_delivery_block_proc_group_by_line	sale_delivery_block_proc_group_by_line	sale_stock_picking_blocking_proc_group_by_line	sale_stock_picking_blocking_proc_group_by_line	sale_stock_picking_blocking_proc_group_by_line
ir.module.module	SALE_DELIVERY_BLOCK|SALE_STOCK_PICKING_BLOCKING	module	sale_delivery_block	sale_delivery_block	sale_delivery_block	sale_delivery_block	sale_stock_picking_blocking	sale_stock_picking_blocking	sale_stock_picking_blocking
ir.module.module	SALE_EXCEPTIONS|SALE_EXCEPTION	module	sale_exceptions	sale_exceptions	sale_exceptions	sale_exception	sale_exception	sale_exception	sale_exception
ir.module.module	SALE_ORDER_DATES|SALE	module	sale_order_dates	sale_order_dates	sale_order_dates	sale_order_dates	sale_order_dates	sale_order_dates	sale
ir.module.module	SALE_PAYMENT|SALE	module	sale_payment	sale_payment	sale_payment	sale_payment	sale_payment	sale_payment	sale
ir.module.module	SALE_PRODUCT_VARIANTS|SALE_VARIANT_CONFIGURATOR	module	sale_product_variants	sale_product_variants	sale_product_variants	sale_variant_configurator	sale_variant_configurator	sale_variant_configurator	sale_variant_configurator
ir.module.module	SALE_PROFORMA_REPORT|SALE	module	sale_proforma_report	sale_proforma_report	sale_proforma_report	sale_proforma_report	sale_proforma_report	sale	sale
ir.module.module	SALE_REPORTING_WEIGHT|PRODUCT_WEIGHT_THROUGH_UOM	module	sale_reporting_weight	sale_reporting_weight	sale_reporting_weight	sale_reporting_weight	sale_reporting_weight	product_weight_through_uom	product_weight_through_uom
ir.module.module	SALE_REPORT_DELIVERED|SALE_REPORT_DELIVERED_SUBTOTAL	module	sale_report_delivered	sale_report_delivered	sale_report_delivered	sale_report_delivered	sale_report_delivered	sale_report_delivered_subtotal	sale_report_delivered_subtotal
ir.module.module	SALE_SERVICE_RATING|SALE_TIMESHEET	module	sale_service_rating	sale_service_rating	sale_service_rating	sale_service_rating	sale_service_rating	sale_service_rating	sale_timesheet
ir.module.module	SALE_STOCK_PRODUCT_VARIANTS|SALE_STOCK_VARIANT_CONFIGURATOR	module	sale_stock_product_variants	sale_stock_product_variants	sale_stock_product_variants	sale_stock_variant_configurator	sale_stock_variant_configurator	sale_stock_variant_configurator	sale_stock_variant_configurator
ir.module.module	SALE_STOCK_VARIANT_CONFIGURATOR|SALE_VARIANT_CONFIGURATOR	module	sale_stock_variant_configurator	sale_stock_variant_configurator	sale_stock_variant_configurator	sale_stock_variant_configurator	sale_stock_variant_configurator	sale_variant_configurator	sale_variant_configurator
ir.module.module	STOCK_DISABLE_FORCE_AVAILABILITY_BUTTON|STOCK	module	stock_disable_force_availability_button	stock_disable_force_availability_button	stock_disable_force_availability_button	stock_disable_force_availability_button	stock_disable_force_availability_button	stock	stock
ir.module.module	STOCK_PACK_OPERATION_QUICK_LOT|STOCK_MOVE_QUICK_LOT	module	stock_pack_operation_quick_lot	stock_pack_operation_quick_lot	stock_pack_operation_quick_lot	stock_pack_operation_quick_lot	stock_pack_operation_quick_lot	stock_move_quick_lot	stock_move_quick_lot
ir.module.module	STOCK_PICKING_REORDER_LINES|STOCK_PICKING_LINE_SEQUENCE	module	stock_picking_reorder_lines	stock_picking_reorder_lines	stock_picking_reorder_lines	stock_picking_line_sequence	stock_picking_line_sequence	stock_picking_line_sequence	stock_picking_line_sequence
ir.module.module	STOCK_PICKING_TRANSFER_LOT_AUTOASSIGN|STOCK_PACK_OPERATION_AUTO_FILL	module	stock_picking_transfer_lot_autoassign	stock_picking_transfer_lot_autoassign	stock_picking_transfer_lot_autoassign	stock_picking_transfer_lot_autoassign	stock_picking_transfer_lot_autoassign	stock_pack_operation_auto_fill	stock_pack_operation_auto_fill
ir.module.module	STOCK_PICKING_WAVE|STOCK_PICKING_BATCH	module	stock_picking_wave	stock_picking_wave	stock_picking_wave	stock_picking_wave	stock_picking_wave	stock_picking_batch	stock_picking_batch
ir.module.module	STOCK_VALUED_PICKING_REPORT|STOCK_PICKING_REPORT_VALUED	module	stock_valued_picking_report	stock_valued_picking_report	stock_valued_picking_report	stock_valued_picking_report	stock_valued_picking_report	stock_picking_report_valued	stock_picking_report_valued
ir.module.module	WEBSITE_DISABLE_ODOO|WEBSITE_ODOO_DEBRANDING	module	website_disable_odoo	website_disable_odoo	website_disable_odoo	website_odoo_debranding	website_odoo_debranding	website_odoo_debranding	website_odoo_debranding
ir.module.module	WEBSITE_FORM_METADATA|WEBSITE_FORM	module	website_form_metadata	website_form_metadata	website_form_metadata	website_form_metadata	website_form_metadata	website_form_metadata	website_form
ir.module.module	WEBSITE_ISSUE|WEBSITE_FORM_PROJECT	module	website_issue	website_issue	website_issue	website_issue	website_issue	website_form_project	website_form_project
ir.module.module	WEBSITE_MAIL_GROUP|WEBSITE_MAIL_CHANNEL	module	website_mail_group	website_mail_group	website_mail_group	website_mail_channel	website_mail_channel	website_mail_channel	website_mail_channel
ir.module.module	WEBSITE_PORTAL_SALE|SALE_PAYMENT	module	website_portal_sale	website_portal_sale	website_portal_sale	website_portal_sale	website_portal_sale	sale_payment	sale_payment
ir.module.module	WEBSITE_PORTAL|WEBSITE	module	website_portal	website_portal	website_portal	website_portal	website_portal	website	website
ir.module.module	WEBSITE_PROJECT_ISSUE|PROJECT	module	website_project_issue	website_project_issue	website_project_issue	website_project_issue	website_project_issue	project	project
ir.module.module	WEBSITE_PROJECT_TIMESHEET|HR_TIMESHEET	module	website_project_timesheet	website_project_timesheet	website_project_timesheet	website_project_timesheet	website_project_timesheet	hr_timesheet	hr_timesheet
ir.module.module	WEBSITE_PROJECT|PROJECT	module	website_project	website_project	website_project	website_project	website_project	project	project
ir.module.module	WEBSITE_QUOTE|SALE_QUOTATION_BUILDER	module	website_quote	website_quote	website_quote	website_quote	website_quote	website_quote	sale_quotation_builder
ir.module.module	WEBSITE_RATING_PROJECT_ISSUE|WEBSITE_RATING_PROJECT	module	website_rating_project_issue	website_rating_project_issue	website_rating_project_issue	website_rating_project_issue	website_rating_project_issue	website_rating_project	website_rating_project
ir.module.module	WEBSITE_RATING_PROJECT|PROJECT	module	website_rating_project	website_rating_project	website_rating_project	website_rating_project	website_rating_project	website_rating_project	project
ir.module.module	WEBSITE_SALE_OPTIONS|WEBSITE_SALE	module	website_sale_options	website_sale_options	website_sale_options	website_sale_options	website_sale_options	website_sale_options	website_sale
ir.module.module	WEBSITE_SALE_QTY|WEBSITE_SALE_PRICE_TIER	module	website_sale_qty	website_sale_qty	website_sale_qty	website_sale_qty	website_sale_price_tier	website_sale_price_tier	website_sale_price_tier
ir.module.module	WEBSITE_SALE_STOCK_OPTIONS|WEBSITE_SALE_STOCK	module	website_sale_stock_options	website_sale_stock_options	website_sale_stock_options	website_sale_stock_options	website_sale_stock_options	website_sale_stock_options	website_sale_stock
ir.module.module	WEBSITE_SEO_REDIRECTION|WEBSITE	module	website_seo_redirection	website_seo_redirection	website_seo_redirection	website_seo_redirection	website_seo_redirection	website	website
ir.module.module	WEB_ADVANCED_SEARCH_X2X|WEB_ADVANCED_SEARCH	module	web_advanced_search_x2x	web_advanced_search_x2x	web_advanced_search_x2x	web_advanced_search_x2x	web_advanced_search_x2x	web_advanced_search	web_advanced_search
ir.module.module	WEB_CALENDAR|WEB	module	web_calendar	web_calendar	web_calendar	web_calendar	web_calendar	web	web
ir.module.module	WEB_KANBAN|WEB	module	web_kanban	web_kanban	web_kanban	web_kanban	web_kanban	web	web
ir.module.module	WEB_NO_BUBBLE|WEB	module	web_no_bubble	web_no_bubble	web_no_bubble	web_no_bubble	web_no_bubble	web_no_bubble	web
ir.module.module	WEB_PLANNER|WEB	module	web_planner	web_planner	web_planner	web_planner	web_planner	web_planner	web
ir.module.module	WEB_POPUP_LARGE	module	web_popup_large	web_popup_large	web_popup_large	web_popup_large	web_popup_large	web_popup_large	web_popup_large
ir.module.module	WEB_POPUP_LARGE|WEB_DIALOG_SIZE	module	web_popup_large	web_popup_large	web_popup_large	web_popup_large	web_dialog_size	web_dialog_size	web_dialog_size
ir.module.module	WEB_SHEET_FULL_WIDTH|WEB_RESPONSIVE	module	web_sheet_full_width	web_sheet_full_width	web_sheet_full_width	web_sheet_full_width	web_sheet_full_width	web_sheet_full_width	web_responsive
ir.module.module	WEB_SHORTCUTS|WEB_SHORTCUT	module	web_shortcuts	web_shortcuts	web_shortcuts	web_shortcut	web_shortcut	web_shortcut	web_shortcut
ir.module.module	WEB_WIDGET_DOMAIN_V11|WEB	module	web_widget_domain_v11	web_widget_domain_v11	web_widget_domain_v11	web_widget_domain_v11	web_widget_domain_v11	web	web
product_product	NAME_TEMPLATE|NAME	field	name_template	name_template	name	name	name	name	name
res.city	NUTS	field		nuts					
res.city	PROVINCE_ID	field	province_id	province_id					
res_groups	ADMINISTRATION_SETTINGS	name	base.group_erp_manager	base.group_erp_manager	base.group_erp_manager	base.group_erp_manager	base.group_erp_manager	base.group_erp_manager	base.group_erp_manager
res_groups	FINANCIAL_MANAGER	name	Manager	Financial Manager	Financial Manager	Adviser	Adviser	Adviser	Adviser
res_groups	KNOWLEDGE	name	Knowledge Management	Knowledge	Knowledge	Knowledge	Knowledge	Knowledge	Knowledge
res_groups	KNOWLEDGE_USER	name	User	User	User	Knowledge user	Knowledge user	Knowledge user	Knowledge user
res_groups	MANAGER	name	Manager	Manager	Manager	Manager	Manager	Manager	Manager
res_groups	MANAGE_INVENTORY_VALUATION	name	Manage Inventory valuation	Manage Inventory valuation	Manage Inventory Valuation and Costing Methods	Manage Inventory Valuation and Costing Methods	Manage Inventory Valuation and Costing Methods	Manage Inventory Valuation and Costing Methods	Manage Inventory Valuation and Costing Methods
res_groups	MANAGE_LOGISTIC_SERIAL_NUMBERS	name	Manage Logistic Serial Numbers	Manage Logistic Serial Numbers	Manage Lots / Serial Numbers	Manage Lots / Serial Numbers	Manage Lots / Serial Numbers	Manage Lots / Serial Numbers	Manage Lots / Serial Numbers
res_groups	MANAGE_MULTIPLE_LOCATION	name	Manage Multiple Locations and Warehouses	Manage Multiple Locations and Warehouses	Manage Multiple Locations and Warehouses	Manage Multiple Locations and Warehouses	Manage multiple stock_locations	Manage multiple stock_locations	Manage multiple stock_locations
res_groups	MANAGE_SERIAL_NUMBERS	name	Manage Serial Numbers	Manage Serial Numbers	Manage Lots / Serial Numbers	Manage Lots / Serial Numbers	Manage Lots / Serial Numbers	Manage Lots / Serial Numbers	Manage Lots / Serial Numbers
res_groups	POINT_OF_SALE	name	Point of Sales	Point of Sale	Point of Sale	Point of Sale	Point of Sale	Point of Sale	Point of Sale
res_groups	PROJECT	name	Project Management	Project	Project	Project	Project	Project	Project
res_groups	PURCHASES	name	Purchase Management	Purchases	Purchases	Purchases	Purchases	Purchases	Purchases
res_groups	PURCHASE_PRICELISTS	name	Purchase Pricelists	Purchase Pricelists	Purchase Pricelists	Pricelists On Product	Pricelists On Product	Pricelists On Product	Pricelists On Product
res_groups	SALES	name	Sales Management	Sales	Sales	Sales	Sales	Sales	Sales
res_groups	USER_ALL	name	User - All Leads	See all Leads	See all Leads	See all Leads	User: All Documents	User: All Documents	User: All Documents
res_groups	USER_OWN	name	User	User	See Own Leads	See Own Leads	User: Own Documents Only	User: Own Documents Only	User: Own Documents Only
res_groups	WAREHOUSE	name	Warehouse Management	Warehouse	Warehouse	Warehouse	Warehouse	Warehouse	Warehouse
res.partner	COUNTRY_ID	field		country_id	country_id	country_id	country_id	country_id	country_id
res.partner	FAX	field		fax	fax	fax	fax		
res.partner	IMAGE	field		image	image	image	image	image	image
res.partner	IS_COMPANY	field		is_company	is_company	is_company	is_company	is_company	is_company
res.partner	PROPERTY_ACCOUNT_PAYABLE|PROPERTY_ACCOUNT_PAYABLE_ID	field	property_account_payable	property_account_payable	property_account_payable	property_account_payable_id	property_account_payable_id	property_account_payable_id	property_account_payable_id
res.partner	PROPERTY_ACCOUNT_RECEIVABLE|PROPERTY_ACCOUNT_RECEIVABLE_ID	field	property_account_receivable	property_account_receivable	property_account_receivable	property_account_receivable_id	property_account_receivable_id	property_account_receivable_id	property_account_receivable_id
res.partner	STATE_ID	field		state_id	state_id	state_id	state_id	state_id	state_id
res.partner	STREET	field		street	street	street	street	street	street
res.partner	STREET2	field		street2	street2	street2	street2	street2	street2
res.partner	TYPE	field		type	type	type	type	type	type
res.partner	ZIP	field		zip	zip	zip	zip	zip	zip
res.users	CONTEXT_LANG|LANG	field	context_lang	lang	lang	lang	lang	lang	lang
res.users	CONTEXT_TZ|TZ	field	context_tz	tz	tz	tz	tz	tz	tz
res.users	COUNTRY_ID	field		country_id	country_id	country_id	country_id	country_id	country_id
res.users	PARTNER_ID	field		partner_id	partner_id	partner_id	partner_id	partner_id	partner_id
res.users	USER_EMAIL|EMAIL	field	user_email	email	email	email	email	email	email
sale.order	ORDER_CONFIRM|ACTION_CONFIRM	action	order_confirm	order_confirm	order_confirm	action_confirm	action_confirm	action_confirm	action_confirm
